date_string,cb_to_usd,et_to_usd
"2016 May 18, Wednesday",455.56,13.18
"2016 May 19, Thursday",438.38,14.9
"2016 May 20, Friday",445.65,14.17
"2016 May 21, Saturday",446.28,
"2016 May 22, Sunday",442.48,
"2016 May 23, Monday",445.67,13.61
"2016 May 24, Tuesday",446.99,12.77
"2016 May 25, Wednesday",451.49,12.61
"2016 May 26, Thursday",454.97,12.47
"2016 May 27, Friday",471.27,10.98
"2016 May 28, Saturday",523.25,12.02
"2016 May 29, Sunday",525.22,12.34
"2016 May 30, Monday",532.55,12.88
"2016 May 31, Tuesday",531.34,14.16
"2016 Jun 01, Wednesday",534.84,13.93
"2016 Jun 02, Thursday",537.87,14.03
"2016 Jun 03, Friday",571.25,13.98
"2016 Jun 04, Saturday",576.31,13.95
"2016 Jun 05, Sunday",575.17,14.04
"2016 Jun 06, Monday",586.77,14.22
"2016 Jun 07, Tuesday",579.71,14.52
"2016 Jun 08, Wednesday",583.21,14.64
"2016 Jun 09, Thursday",577.46,14.71
"2016 Jun 10, Friday",580.31,13.91
"2016 Jun 11, Saturday",609.5,14.1
"2016 Jun 12, Sunday",677.86,15.58
"2016 Jun 13, Monday",706.01,17.89
"2016 Jun 14, Tuesday",684.95,18.79
"2016 Jun 15, Wednesday",698.78,18.42
"2016 Jun 16, Thursday",769.76,20.99
"2016 Jun 17, Friday",752.26,15.65
"2016 Jun 18, Saturday",758.99,11.64
"2016 Jun 19, Sunday",768.76,12.35
"2016 Jun 20, Monday",703.12,11.81
"2016 Jun 21, Tuesday",667.66,13.89
"2016 Jun 22, Wednesday",604.5,13.18
"2016 Jun 23, Thursday",631.1,13.81
"2016 Jun 24, Friday",669.98,14.55
"2016 Jun 25, Saturday",673.71,14.37
"2016 Jun 26, Sunday",638.56,14.02
"2016 Jun 27, Monday",657.87,14.1
"2016 Jun 28, Tuesday",648.43,12.23
"2016 Jun 29, Wednesday",639.42,12.74
"2016 Jun 30, Thursday",673.49,12.49
"2016 Jul 01, Friday",678.19,12.34
"2016 Jul 02, Saturday",704.95,12.09
"2016 Jul 03, Sunday",663.55,12.02
"2016 Jul 04, Monday",681.98,11.48
"2016 Jul 05, Tuesday",669.87,10.6
"2016 Jul 06, Wednesday",678.79,10.61
"2016 Jul 07, Thursday",641.97,10.08
"2016 Jul 08, Friday",667.33,11.43
"2016 Jul 09, Saturday",657.61,11.01
"2016 Jul 10, Sunday",652.44,11.02
"2016 Jul 11, Monday",650.97,10.72
"2016 Jul 12, Tuesday",666.56,10.57
"2016 Jul 13, Wednesday",655.34,10.49
"2016 Jul 14, Thursday",661.65,11.62
"2016 Jul 15, Friday",667.48,11.99
"2016 Jul 16, Saturday",666.32,11.8
"2016 Jul 17, Sunday",680,11.33
"2016 Jul 18, Monday",675.5,11.05
"2016 Jul 19, Tuesday",673.98,11.75
"2016 Jul 20, Wednesday",666.92,12.5
"2016 Jul 21, Thursday",667.28,12.76
"2016 Jul 22, Friday",654.67,14.83
"2016 Jul 23, Saturday",657.5,14.52
"2016 Jul 24, Sunday",661,12.78
"2016 Jul 25, Monday",657.79,13.91
"2016 Jul 26, Tuesday",654.06,12
"2016 Jul 27, Wednesday",657.35,13.1
"2016 Jul 28, Thursday",657.4,12.93
"2016 Jul 29, Friday",657,12.84
"2016 Jul 30, Saturday",655.87,12.49
"2016 Jul 31, Sunday",626.97,11.99
"2016 Aug 01, Monday",605.2,10.95
"2016 Aug 02, Tuesday",537.47,8.78
"2016 Aug 03, Wednesday",573.36,10.68
"2016 Aug 04, Thursday",587.5,11.32
"2016 Aug 05, Friday",583,11.18
"2016 Aug 06, Saturday",591.71,11.01
"2016 Aug 07, Sunday",595.14,10.99
"2016 Aug 08, Monday",591.48,11.34
"2016 Aug 09, Tuesday",586.45,12.28
"2016 Aug 10, Wednesday",594.94,12.21
"2016 Aug 11, Thursday",587.91,11.73
"2016 Aug 12, Friday",587.74,11.81
"2016 Aug 13, Saturday",586.45,11.61
"2016 Aug 14, Sunday",574.99,11.28
"2016 Aug 15, Monday",567.79,11.3
"2016 Aug 16, Tuesday",579.02,11.18
"2016 Aug 17, Wednesday",574.45,10.82
"2016 Aug 18, Thursday",574.09,10.77
"2016 Aug 19, Friday",573.67,10.77
"2016 Aug 20, Saturday",581.87,11.3
"2016 Aug 21, Sunday",581.29,11.21
"2016 Aug 22, Monday",585.2,11.1
"2016 Aug 23, Tuesday",582.39,11
"2016 Aug 24, Wednesday",578.47,11.01
"2016 Aug 25, Thursday",575.58,11.34
"2016 Aug 26, Friday",579.29,11.28
"2016 Aug 27, Saturday",570.84,11.18
"2016 Aug 28, Sunday",575.41,11.01
"2016 Aug 29, Monday",573.21,10.95
"2016 Aug 30, Tuesday",574.95,11.21
"2016 Aug 31, Wednesday",572.89,11.7
"2016 Sep 01, Thursday",573.02,12.05
"2016 Sep 02, Friday",576.21,12.15
"2016 Sep 03, Saturday",600.91,11.88
"2016 Sep 04, Sunday",611.92,11.77
"2016 Sep 05, Monday",605.69,11.76
"2016 Sep 06, Tuesday",612.99,11.71
"2016 Sep 07, Wednesday",615.21,11.58
"2016 Sep 08, Thursday",627.97,11.39
"2016 Sep 09, Friday",622.07,11.64
"2016 Sep 10, Saturday",623.74,12.21
"2016 Sep 11, Sunday",607.94,11.65
"2016 Sep 12, Monday",606.74,11.86
"2016 Sep 13, Tuesday",608.63,11.92
"2016 Sep 14, Wednesday",608.43,11.91
"2016 Sep 15, Thursday",605.44,11.96
"2016 Sep 16, Friday",607.93,12.58
"2016 Sep 17, Saturday",607.92,12.79
"2016 Sep 18, Sunday",611.4,12.64
"2016 Sep 19, Monday",608.6,13.17
"2016 Sep 20, Tuesday",605.6,14.56
"2016 Sep 21, Wednesday",597,13.76
"2016 Sep 22, Thursday",596.21,13.2
"2016 Sep 23, Friday",602.96,13.37
"2016 Sep 24, Saturday",603.68,12.97
"2016 Sep 25, Sunday",601.67,13.12
"2016 Sep 26, Monday",607.08,12.84
"2016 Sep 27, Tuesday",605.71,13.09
"2016 Sep 28, Wednesday",605.04,13.32
"2016 Sep 29, Thursday",605.99,13.11
"2016 Sep 30, Friday",608.99,13.23
"2016 Oct 01, Saturday",615.65,13.22
"2016 Oct 02, Sunday",612.4,13.28
"2016 Oct 03, Monday",612.99,13.51
"2016 Oct 04, Tuesday",610.34,13.32
"2016 Oct 05, Wednesday",613.16,13.09
"2016 Oct 06, Thursday",611.88,12.86
"2016 Oct 07, Friday",617.98,12.7
"2016 Oct 08, Saturday",619.5,12.26
"2016 Oct 09, Sunday",617.42,12.1
"2016 Oct 10, Monday",618.72,11.78
"2016 Oct 11, Tuesday",642.12,11.77
"2016 Oct 12, Wednesday",635.79,11.92
"2016 Oct 13, Thursday",635.66,11.87
"2016 Oct 14, Friday",638.03,11.92
"2016 Oct 15, Saturday",638.16,11.95
"2016 Oct 16, Sunday",641.92,11.95
"2016 Oct 17, Monday",639.56,11.96
"2016 Oct 18, Tuesday",635.11,12.54
"2016 Oct 19, Wednesday",629.79,12.01
"2016 Oct 20, Thursday",628.05,12.06
"2016 Oct 21, Friday",630.83,12.05
"2016 Oct 22, Saturday",652.75,12.03
"2016 Oct 23, Sunday",651.04,11.94
"2016 Oct 24, Monday",649.98,11.92
"2016 Oct 25, Tuesday",654.3,11.33
"2016 Oct 26, Wednesday",674,11.49
"2016 Oct 27, Thursday",691.21,11.48
"2016 Oct 28, Friday",689.95,11.13
"2016 Oct 29, Saturday",714.28,10.47
"2016 Oct 30, Sunday",697.41,11.19
"2016 Oct 31, Monday",696.9,10.97
"2016 Nov 01, Tuesday",730.7,10.84
"2016 Nov 02, Wednesday",744.6,10.83
"2016 Nov 03, Thursday",690,10.87
"2016 Nov 04, Friday",706.32,11.15
"2016 Nov 05, Saturday",706.99,11.16
"2016 Nov 06, Sunday",717.02,11.01
"2016 Nov 07, Monday",706.42,10.93
"2016 Nov 08, Tuesday",711.15,10.84
"2016 Nov 09, Wednesday",720.97,10.62
"2016 Nov 10, Thursday",712.91,10.51
"2016 Nov 11, Friday",716.9,10.29
"2016 Nov 12, Saturday",704.53,9.95
"2016 Nov 13, Sunday",704.01,10.14
"2016 Nov 14, Monday",708.32,10.02
"2016 Nov 15, Tuesday",712.29,10.27
"2016 Nov 16, Wednesday",739.85,10
"2016 Nov 17, Thursday",730.71,9.91
"2016 Nov 18, Friday",748.54,9.51
"2016 Nov 19, Saturday",750.77,9.68
"2016 Nov 20, Sunday",731.99,9.6
"2016 Nov 21, Monday",736.4,9.54
"2016 Nov 22, Tuesday",746.66,9.87
"2016 Nov 23, Wednesday",741.52,9.8
"2016 Nov 24, Thursday",737.99,9.18
"2016 Nov 25, Friday",739.74,9.4
"2016 Nov 26, Saturday",735.7,9.33
"2016 Nov 27, Sunday",729.24,8.98
"2016 Nov 28, Monday",729.77,8.67
"2016 Nov 29, Tuesday",732.37,8.14
"2016 Nov 30, Wednesday",742.69,8.61
"2016 Dec 01, Thursday",754,8.45
"2016 Dec 02, Friday",769.25,7.73
"2016 Dec 03, Saturday",766.98,7.86
"2016 Dec 04, Sunday",767.99,7.37
"2016 Dec 05, Monday",752,6.75
"2016 Dec 06, Tuesday",759.8,7.83
"2016 Dec 07, Wednesday",764.34,8.35
"2016 Dec 08, Thursday",767.89,8.2
"2016 Dec 09, Friday",773.22,8.47
"2016 Dec 10, Saturday",775.87,8.14
"2016 Dec 11, Sunday",771.05,8.23
"2016 Dec 12, Monday",778.94,8.5
"2016 Dec 13, Tuesday",776.18,8.41
"2016 Dec 14, Wednesday",777.66,8.24
"2016 Dec 15, Thursday",776.16,7.83
"2016 Dec 16, Friday",780.98,7.84
"2016 Dec 17, Saturday",788.57,7.85
"2016 Dec 18, Sunday",790.72,7.92
"2016 Dec 19, Monday",790.81,7.64
"2016 Dec 20, Tuesday",798.99,7.64
"2016 Dec 21, Wednesday",834.5,7.91
"2016 Dec 22, Thursday",856.02,7.55
"2016 Dec 23, Friday",917.26,7.13
"2016 Dec 24, Saturday",891.5,7.22
"2016 Dec 25, Sunday",896.12,7.19
"2016 Dec 26, Monday",902.09,7.26
"2016 Dec 27, Tuesday",925.2,7.16
"2016 Dec 28, Wednesday",982.17,7.62
"2016 Dec 29, Thursday",970.72,8.29
"2016 Dec 30, Friday",960.81,8.21
"2016 Dec 31, Saturday",973.37,8.16
"2017 Jan 01, Sunday",992.95,8.18
"2017 Jan 02, Monday",1011.45,8.38
"2017 Jan 03, Tuesday",1020.67,9.59
"2017 Jan 04, Wednesday",1130.3,11.17
"2017 Jan 05, Thursday",1007,10.23
"2017 Jan 06, Friday",895.71,10.14
"2017 Jan 07, Saturday",909,9.92
"2017 Jan 08, Sunday",923.33,10.5
"2017 Jan 09, Monday",902.66,10.39
"2017 Jan 10, Tuesday",907,10.63
"2017 Jan 11, Wednesday",795.77,9.95
"2017 Jan 12, Thursday",812.25,9.8
"2017 Jan 13, Friday",831.42,9.84
"2017 Jan 14, Saturday",828,9.86
"2017 Jan 15, Sunday",833.31,9.9
"2017 Jan 16, Monday",834.41,9.66
"2017 Jan 17, Tuesday",906,10.34
"2017 Jan 18, Wednesday",887.99,10.23
"2017 Jan 19, Thursday",902.92,10.42
"2017 Jan 20, Friday",894.31,10.62
"2017 Jan 21, Saturday",925.06,10.93
"2017 Jan 22, Sunday",931.22,10.77
"2017 Jan 23, Monday",910.7,10.8
"2017 Jan 24, Tuesday",887,10.57
"2017 Jan 25, Wednesday",896,10.55
"2017 Jan 26, Thursday",917.02,10.6
"2017 Jan 27, Friday",922.63,10.55
"2017 Jan 28, Saturday",924.98,10.58
"2017 Jan 29, Sunday",916.54,10.49
"2017 Jan 30, Monday",923.23,10.6
"2017 Jan 31, Tuesday",970.01,10.7
"2017 Feb 01, Wednesday",992.75,10.72
"2017 Feb 02, Thursday",1008.38,10.82
"2017 Feb 03, Friday",1018,10.99
"2017 Feb 04, Saturday",1035.54,11.41
"2017 Feb 05, Sunday",1016.32,11.26
"2017 Feb 06, Monday",1022.58,11.34
"2017 Feb 07, Tuesday",1053.96,11.51
"2017 Feb 08, Wednesday",1056.7,11.41
"2017 Feb 09, Thursday",994.24,11.02
"2017 Feb 10, Friday",1001.99,11.43
"2017 Feb 11, Saturday",1018.65,11.52
"2017 Feb 12, Sunday",1010,11.5
"2017 Feb 13, Monday",1002.82,11.43
"2017 Feb 14, Tuesday",1013.92,13.14
"2017 Feb 15, Wednesday",1014.53,12.98
"2017 Feb 16, Thursday",1038.94,12.89
"2017 Feb 17, Friday",1057.3,12.75
"2017 Feb 18, Saturday",1062.15,12.89
"2017 Feb 19, Sunday",1059.88,12.9
"2017 Feb 20, Monday",1089.82,12.61
"2017 Feb 21, Tuesday",1128.29,12.83
"2017 Feb 22, Wednesday",1128.71,12.75
"2017 Feb 23, Thursday",1186.9,13.21
"2017 Feb 24, Friday",1186.91,13.2
"2017 Feb 25, Saturday",1158,13.65
"2017 Feb 26, Sunday",1184.91,14.74
"2017 Feb 27, Monday",1195.81,15.66
"2017 Feb 28, Tuesday",1195.08,16.4
"2017 Mar 01, Wednesday",1230,17.37
"2017 Mar 02, Thursday",1269.17,19.27
"2017 Mar 03, Friday",1292.86,19.68
"2017 Mar 04, Saturday",1273.97,18.65
"2017 Mar 05, Sunday",1278.98,19.4
"2017 Mar 06, Monday",1284.99,19.68
"2017 Mar 07, Tuesday",1237.36,18.96
"2017 Mar 08, Wednesday",1150.22,16.68
"2017 Mar 09, Thursday",1197.3,17.82
"2017 Mar 10, Friday",1109.01,19.2
"2017 Mar 11, Saturday",1188.11,21.64
"2017 Mar 12, Sunday",1235.58,23.39
"2017 Mar 13, Monday",1245.49,28.64
"2017 Mar 14, Tuesday",1247.42,28.69
"2017 Mar 15, Wednesday",1263,35.65
"2017 Mar 16, Thursday",1175.11,45.96
"2017 Mar 17, Friday",1069.57,44.62
"2017 Mar 18, Saturday",970,33.64
"2017 Mar 19, Sunday",1019.49,43.21
"2017 Mar 20, Monday",1044.96,42.31
"2017 Mar 21, Tuesday",1114.42,42.36
"2017 Mar 22, Wednesday",1034.57,41.37
"2017 Mar 23, Thursday",1025.14,42.99
"2017 Mar 24, Friday",934.87,52.93
"2017 Mar 25, Saturday",963.72,50.5
"2017 Mar 26, Sunday",973.08,50.73
"2017 Mar 27, Monday",1042.08,48.97
"2017 Mar 28, Tuesday",1045.4,50.3
"2017 Mar 29, Wednesday",1043.27,53.1
"2017 Mar 30, Thursday",1042.34,51.88
"2017 Mar 31, Friday",1088.99,50.18
"2017 Apr 01, Saturday",1092,50.71
"2017 Apr 02, Sunday",1113.99,48.74
"2017 Apr 03, Monday",1152.6,44.25
"2017 Apr 04, Tuesday",1143.99,44.47
"2017 Apr 05, Wednesday",1132.99,44.78
"2017 Apr 06, Thursday",1192.3,43.3
"2017 Apr 07, Friday",1194,42.32
"2017 Apr 08, Saturday",1184.5,44.45
"2017 Apr 09, Sunday",1210.97,43.92
"2017 Apr 10, Monday",1210,43.92
"2017 Apr 11, Tuesday",1223.99,43.83
"2017 Apr 12, Wednesday",1214.17,46.48
"2017 Apr 13, Thursday",1177.05,49.77
"2017 Apr 14, Friday",1173.74,47.2
"2017 Apr 15, Saturday",1178.85,48.94
"2017 Apr 16, Sunday",1177.99,48.13
"2017 Apr 17, Monday",1189.91,47.94
"2017 Apr 18, Tuesday",1201.94,49.79
"2017 Apr 19, Wednesday",1214.21,47.78
"2017 Apr 20, Thursday",1236.15,49.38
"2017 Apr 21, Friday",1249.99,48.37
"2017 Apr 22, Saturday",1247,48.61
"2017 Apr 23, Sunday",1251.98,48.96
"2017 Apr 24, Monday",1257.29,50.12
"2017 Apr 25, Tuesday",1281.16,50.31
"2017 Apr 26, Wednesday",1298.44,53.42
"2017 Apr 27, Thursday",1349.26,63.67
"2017 Apr 28, Friday",1353.34,73.14
"2017 Apr 29, Saturday",1365.43,70.4
"2017 Apr 30, Sunday",1384.55,80.87
"2017 May 01, Monday",1436.5,79.35
"2017 May 02, Tuesday",1471.99,77.55
"2017 May 03, Wednesday",1533,81.29
"2017 May 04, Thursday",1563.39,95.97
"2017 May 05, Friday",1551.3,91.93
"2017 May 06, Saturday",1585.39,95.84
"2017 May 07, Sunday",1609.57,93.82
"2017 May 08, Monday",1713,89.25
"2017 May 09, Tuesday",1720.43,86.58
"2017 May 10, Wednesday",1794.99,88.36
"2017 May 11, Thursday",1837.93,88.3
"2017 May 12, Friday",1695.61,85.17
"2017 May 13, Saturday",1792.73,88.42
"2017 May 14, Sunday",1799.99,89.39
"2017 May 15, Monday",1747.81,91
"2017 May 16, Tuesday",1777.48,87.98
"2017 May 17, Wednesday",1813.23,86.88
"2017 May 18, Thursday",1899.16,96.2
"2017 May 19, Friday",1976.23,125.14
"2017 May 20, Saturday",2058.91,123.63
"2017 May 21, Sunday",2057,148.78
"2017 May 22, Monday",2123.29,160.1
"2017 May 23, Tuesday",2272.75,169.95
"2017 May 24, Wednesday",2432.97,196.06
"2017 May 25, Thursday",2355,181.51
"2017 May 26, Friday",2272.7,163.8
"2017 May 27, Saturday",2099.99,159.91
"2017 May 28, Sunday",2232.78,175.48
"2017 May 29, Monday",2279.48,194.82
"2017 May 30, Tuesday",2191.58,228.69
"2017 May 31, Wednesday",2303.29,229.14
"2017 Jun 01, Thursday",2419.99,221.91
"2017 Jun 02, Friday",2478.99,222.04
"2017 Jun 03, Saturday",2548.05,224.95
"2017 Jun 04, Sunday",2521.36,245.5
"2017 Jun 05, Monday",2698,248
"2017 Jun 06, Tuesday",2871.29,264.22
"2017 Jun 07, Wednesday",2685.64,255.68
"2017 Jun 08, Thursday",2799.73,258.64
"2017 Jun 09, Friday",2811.39,279.38
"2017 Jun 10, Saturday",2931.15,340.2
"2017 Jun 11, Sunday",2998.98,343.01
"2017 Jun 12, Monday",2655.71,397.37
"2017 Jun 13, Tuesday",2709.01,388
"2017 Jun 14, Wednesday",2432.21,341.7
"2017 Jun 15, Thursday",2409.98,343.71
"2017 Jun 16, Friday",2480.43,354.26
"2017 Jun 17, Saturday",2634.94,368.98
"2017 Jun 18, Sunday",2515.25,351.85
"2017 Jun 19, Monday",2596.98,358.71
"2017 Jun 20, Tuesday",2725.08,350.94
"2017 Jun 21, Wednesday",2643.35,325.41
"2017 Jun 22, Thursday",2679.99,320.02
"2017 Jun 23, Friday",2690.76,326.99
"2017 Jun 24, Saturday",2574.84,304.5
"2017 Jun 25, Sunday",2505.61,278.49
"2017 Jun 26, Monday",2407.91,252.99
"2017 Jun 27, Tuesday",2575.75,287.23
"2017 Jun 28, Wednesday",2553.12,315.32
"2017 Jun 29, Thursday",2530,292.95
"2017 Jun 30, Friday",2455.19,280.04
"2017 Jul 01, Saturday",2423.63,263.12
"2017 Jul 02, Sunday",2516.66,285
"2017 Jul 03, Monday",2542.41,276.37
"2017 Jul 04, Tuesday",2602,269.2
"2017 Jul 05, Wednesday",2616.96,266.27
"2017 Jul 06, Thursday",2604.84,266.01
"2017 Jul 07, Friday",2501.15,241.28
"2017 Jul 08, Saturday",2561.11,246.64
"2017 Jul 09, Sunday",2508.99,238.81
"2017 Jul 10, Monday",2331.05,202.86
"2017 Jul 11, Tuesday",2310.01,190.57
"2017 Jul 12, Wednesday",2383.42,224.04
"2017 Jul 13, Thursday",2340,205
"2017 Jul 14, Friday",2217.24,197.23
"2017 Jul 15, Saturday",1964.31,167.72
"2017 Jul 16, Sunday",1911.78,155.68
"2017 Jul 17, Monday",2235.19,190.87
"2017 Jul 18, Tuesday",2308.15,227.01
"2017 Jul 19, Wednesday",2258.99,194.74
"2017 Jul 20, Thursday",2873.48,226.06
"2017 Jul 21, Friday",2657.45,216.6
"2017 Jul 22, Saturday",2825.27,230.69
"2017 Jul 23, Sunday",2754.28,228.31
"2017 Jul 24, Monday",2762.26,225.96
"2017 Jul 25, Tuesday",2564,203.78
"2017 Jul 26, Wednesday",2525.99,203.23
"2017 Jul 27, Thursday",2664.99,202.94
"2017 Jul 28, Friday",2786.07,190.72
"2017 Jul 29, Saturday",2700.21,205.9
"2017 Jul 30, Sunday",2723.99,196.95
"2017 Jul 31, Monday",2856.88,200.82
"2017 Aug 01, Tuesday",2732.59,225.73
"2017 Aug 02, Wednesday",2699.9,217.92
"2017 Aug 03, Thursday",2787.02,224
"2017 Aug 04, Friday",2857.34,220.72
"2017 Aug 05, Saturday",3243.49,251.85
"2017 Aug 06, Sunday",3222.22,263.96
"2017 Aug 07, Monday",3398.23,269.9
"2017 Aug 08, Tuesday",3422.43,295.95
"2017 Aug 09, Wednesday",3342.8,295.26
"2017 Aug 10, Thursday",3444.98,300.51
"2017 Aug 11, Friday",3656.15,309.65
"2017 Aug 12, Saturday",3874,308.35
"2017 Aug 13, Sunday",4060.47,296.66
"2017 Aug 14, Monday",4320.6,299.16
"2017 Aug 15, Tuesday",4159.93,286.71
"2017 Aug 16, Wednesday",4370.01,300.45
"2017 Aug 17, Thursday",4280.01,300.67
"2017 Aug 18, Friday",4101.72,292.87
"2017 Aug 19, Saturday",4157.41,293.58
"2017 Aug 20, Sunday",4050.99,297.79
"2017 Aug 21, Monday",4002,322
"2017 Aug 22, Tuesday",4092,314.19
"2017 Aug 23, Wednesday",4143.49,317.5
"2017 Aug 24, Thursday",4312.03,324.56
"2017 Aug 25, Friday",4360,330.14
"2017 Aug 26, Saturday",4344.32,332.99
"2017 Aug 27, Sunday",4340.11,348.2
"2017 Aug 28, Monday",4384.99,347.54
"2017 Aug 29, Tuesday",4599,372.48
"2017 Aug 30, Wednesday",4581.98,384.1
"2017 Aug 31, Thursday",4743.94,389.2
"2017 Sep 01, Friday",4947.99,392.87
"2017 Sep 02, Saturday",4649.99,354.87
"2017 Sep 03, Sunday",4626.05,353.06
"2017 Sep 04, Monday",4498.25,316.86
"2017 Sep 05, Tuesday",4432.51,320.08
"2017 Sep 06, Wednesday",4616.18,339.38
"2017 Sep 07, Thursday",4624.18,335.56
"2017 Sep 08, Friday",4350,307.96
"2017 Sep 09, Saturday",4334.36,304.99
"2017 Sep 10, Sunday",4251.36,300.33
"2017 Sep 11, Monday",4210.72,298.47
"2017 Sep 12, Tuesday",4164.52,294.5
"2017 Sep 13, Wednesday",3855.32,275.71
"2017 Sep 14, Thursday",3250.4,223.85
"2017 Sep 15, Friday",3740.02,260.88
"2017 Sep 16, Saturday",3726.51,255.84
"2017 Sep 17, Sunday",3719.97,259.66
"2017 Sep 18, Monday",4100,298
"2017 Sep 19, Tuesday",3910.11,282.8
"2017 Sep 20, Wednesday",3872.06,283.55
"2017 Sep 21, Thursday",3617.47,258.11
"2017 Sep 22, Friday",3619.01,263.88
"2017 Sep 23, Saturday",3787.33,286.03
"2017 Sep 24, Sunday",3669.01,283.21
"2017 Sep 25, Monday",3919.78,294.41
"2017 Sep 26, Tuesday",3885.09,288.77
"2017 Sep 27, Wednesday",4200,309.85
"2017 Sep 28, Thursday",4189.42,302.33
"2017 Sep 29, Friday",4156.99,291.88
"2017 Sep 30, Saturday",4339,301.57
"2017 Oct 01, Sunday",4394.81,303.25
"2017 Oct 02, Monday",4392.71,296.72
"2017 Oct 03, Tuesday",4307.99,292.36
"2017 Oct 04, Wednesday",4214.84,292
"2017 Oct 05, Thursday",4320.04,294.89
"2017 Oct 06, Friday",4362.99,307.73
"2017 Oct 07, Saturday",4425,311.12
"2017 Oct 08, Sunday",4603.49,309.2
"2017 Oct 09, Monday",4769.55,297
"2017 Oct 10, Tuesday",4750,297.99
"2017 Oct 11, Wednesday",4814.99,302
"2017 Oct 12, Thursday",5440,302.12
"2017 Oct 13, Friday",5624.8,335.89
"2017 Oct 14, Saturday",5819.13,338.37
"2017 Oct 15, Sunday",5693.7,336.89
"2017 Oct 16, Monday",5754.9,334.36
"2017 Oct 17, Tuesday",5594,316.37
"2017 Oct 18, Wednesday",5574.44,313.59
"2017 Oct 19, Thursday",5704.01,308.02
"2017 Oct 20, Friday",5989.1,303.15
"2017 Oct 21, Saturday",6024.86,300
"2017 Oct 22, Sunday",6005.05,295.14
"2017 Oct 23, Monday",5905.99,285.83
"2017 Oct 24, Tuesday",5525.43,296.99
"2017 Oct 25, Wednesday",5739.97,296.76
"2017 Oct 26, Thursday",5891.61,295.98
"2017 Oct 27, Friday",5780,297.59
"2017 Oct 28, Saturday",5752.01,295.11
"2017 Oct 29, Sunday",6140.01,303.38
"2017 Oct 30, Monday",6124.16,306.87
"2017 Oct 31, Tuesday",6445.01,303.51
"2017 Nov 01, Wednesday",6783.69,290.82
"2017 Nov 02, Thursday",7039.98,285.4
"2017 Nov 03, Friday",7170.01,306
"2017 Nov 04, Saturday",7412.55,301.66
"2017 Nov 05, Sunday",7392,296.57
"2017 Nov 06, Monday",6969.76,297.32
"2017 Nov 07, Tuesday",7126.63,292.42
"2017 Nov 08, Wednesday",7467.96,307.91
"2017 Nov 09, Thursday",7156,320.72
"2017 Nov 10, Friday",6577.62,298.04
"2017 Nov 11, Saturday",6346.7,315.69
"2017 Nov 12, Sunday",5886.35,307.1
"2017 Nov 13, Monday",6535.87,315.56
"2017 Nov 14, Tuesday",6605,335.04
"2017 Nov 15, Wednesday",7294,331.81
"2017 Nov 16, Thursday",7838.53,330.21
"2017 Nov 17, Friday",7714.71,332.31
"2017 Nov 18, Saturday",7777.01,346.6
"2017 Nov 19, Sunday",8031.82,354.59
"2017 Nov 20, Monday",8256.01,368.24
"2017 Nov 21, Tuesday",8109,361.51
"2017 Nov 22, Wednesday",8250,381.73
"2017 Nov 23, Thursday",8031.16,406.61
"2017 Nov 24, Friday",8215.01,470.98
"2017 Nov 25, Saturday",8795.5,466.77
"2017 Nov 26, Sunday",9401.11,473.99
"2017 Nov 27, Monday",9768.71,477.53
"2017 Nov 28, Tuesday",9949,468.52
"2017 Nov 29, Wednesday",9935.98,434.01
"2017 Nov 30, Thursday",9903,434
"2017 Dec 01, Friday",10869.84,463.82
"2017 Dec 02, Saturday",10930.24,460.34
"2017 Dec 03, Sunday",11290,465
"2017 Dec 04, Monday",11643.98,468.22
"2017 Dec 05, Tuesday",11718.35,457.3
"2017 Dec 06, Wednesday",14090,432.49
"2017 Dec 07, Thursday",17390.01,433.28
"2017 Dec 08, Friday",16367.03,463.45
"2017 Dec 09, Saturday",15309.98,485.04
"2017 Dec 10, Sunday",15290.01,447.51
"2017 Dec 11, Monday",16885.76,518
"2017 Dec 12, Tuesday",17730.12,686.82
"2017 Dec 13, Wednesday",16689.61,711.94
"2017 Dec 14, Thursday",16749.78,705.01
"2017 Dec 15, Friday",17738.67,693.5
"2017 Dec 16, Saturday",19650.01,703.59
"2017 Dec 17, Sunday",19378.99,732.18
"2017 Dec 18, Monday",19039.01,785.65
"2017 Dec 19, Tuesday",17838.73,826.65
"2017 Dec 20, Wednesday",16496.89,802.86
"2017 Dec 21, Thursday",15758.8,796.98
"2017 Dec 22, Friday",14210.57,682.11
"2017 Dec 23, Saturday",15075.89,732.8
"2017 Dec 24, Sunday",14221.94,697.04
"2017 Dec 25, Monday",14171.98,740.5
"2017 Dec 26, Tuesday",15790.88,755.07
"2017 Dec 27, Wednesday",15367.08,739.99
"2017 Dec 28, Thursday",14450.01,719.5
"2017 Dec 29, Friday",14565.05,748.89
"2017 Dec 30, Saturday",12839.99,710.58
"2017 Dec 31, Sunday",13863.13,741.27
"2018 Jan 01, Monday",13480.01,759.03
"2018 Jan 02, Tuesday",14781.51,865
"2018 Jan 03, Wednesday",15098.14,938.31
"2018 Jan 04, Thursday",15144.99,949
"2018 Jan 05, Friday",16960.01,969.27
"2018 Jan 06, Saturday",17098.99,1006.68
"2018 Jan 07, Sunday",16174.22,1118.3
"2018 Jan 08, Monday",14993.74,1137.01
"2018 Jan 09, Tuesday",14480.99,1290.01
"2018 Jan 10, Wednesday",14875.18,1246.94
"2018 Jan 11, Thursday",13308.06,1137.01
"2018 Jan 12, Friday",13820,1260
"2018 Jan 13, Saturday",14187.95,1386.02
"2018 Jan 14, Sunday",13656.23,1365.46
"2018 Jan 15, Monday",13590,1278.63
"2018 Jan 16, Tuesday",11570.01,1080
"2018 Jan 17, Wednesday",11200.01,1028.06
"2018 Jan 18, Thursday",11305.53,1025.78
"2018 Jan 19, Friday",11498.99,1037.45
"2018 Jan 20, Saturday",12762.8,1150.02
"2018 Jan 21, Sunday",11518.17,1047.13
"2018 Jan 22, Monday",10766.7,999.68
"2018 Jan 23, Tuesday",10824.94,984.03
"2018 Jan 24, Wednesday",11356.79,1056.99
"2018 Jan 25, Thursday",11118,1040
"2018 Jan 26, Friday",11086.89,1045.57
"2018 Jan 27, Saturday",11319,1100
"2018 Jan 28, Sunday",11536,1215.01
"2018 Jan 29, Monday",11123.01,1162.27
"2018 Jan 30, Tuesday",9995,1054.39
"2018 Jan 31, Wednesday",10099.99,1105.01
"2018 Feb 01, Thursday",9014.23,1017.48
"2018 Feb 02, Friday",8787.52,911.99
"2018 Feb 03, Saturday",9240,969.4
"2018 Feb 04, Sunday",8167.91,826
"2018 Feb 05, Monday",6905.19,693.54
"2018 Feb 06, Tuesday",7688.46,783.83
"2018 Feb 07, Wednesday",7575.75,750.04
"2018 Feb 08, Thursday",8218.1,812
"2018 Feb 09, Friday",8671.01,875.99
"2018 Feb 10, Saturday",8547.49,849.47
"2018 Feb 11, Sunday",8072.99,811.35
"2018 Feb 12, Monday",8872.28,864.4
"2018 Feb 13, Tuesday",8520.01,840.49
"2018 Feb 14, Wednesday",9472.98,920.26
"2018 Feb 15, Thursday",10031.23,929.3
"2018 Feb 16, Friday",10167.49,936.02
"2018 Feb 17, Saturday",11121.5,974.99
"2018 Feb 18, Sunday",10380.04,912.41
"2018 Feb 19, Monday",11140,939.01
"2018 Feb 20, Tuesday",11235.57,884.76
"2018 Feb 21, Wednesday",10454.27,840.34
"2018 Feb 22, Thursday",9830,806
"2018 Feb 23, Friday",10144.99,854.01
"2018 Feb 24, Saturday",9688.62,833.2
"2018 Feb 25, Sunday",9597.99,841.96
"2018 Feb 26, Monday",10300,867.09
"2018 Feb 27, Tuesday",10566.57,871.07
"2018 Feb 28, Wednesday",10307.27,849.99
"2018 Mar 01, Thursday",10895.92,868.74
"2018 Mar 02, Friday",11000,854.31
"2018 Mar 03, Saturday",11432.5,854.34
"2018 Mar 04, Sunday",11469.9,861.74
"2018 Mar 05, Monday",11377.54,848.83
"2018 Mar 06, Tuesday",10700,815.43
"2018 Mar 07, Wednesday",9920,751.38
"2018 Mar 08, Thursday",9304.9,698.83
"2018 Mar 09, Friday",9255,728.82
"2018 Mar 10, Saturday",8795.44,683.6
"2018 Mar 11, Sunday",9533.88,719.8
"2018 Mar 12, Monday",9120,696.51
"2018 Mar 13, Tuesday",9145.41,690.39
"2018 Mar 14, Wednesday",8207.03,614.62
"2018 Mar 15, Thursday",8259.99,610.99
"2018 Mar 16, Friday",8275,600.77
"2018 Mar 17, Saturday",7865.02,549.79
"2018 Mar 18, Sunday",8192,538
"2018 Mar 19, Monday",8589,555.55
"2018 Mar 20, Tuesday",8900,558
"2018 Mar 21, Wednesday",8891.81,559.98
"2018 Mar 22, Thursday",8715.09,539.89
"2018 Mar 23, Friday",8927.1,543.04
"2018 Mar 24, Saturday",8531.34,519.57
"2018 Mar 25, Sunday",8453,522.55
"2018 Mar 26, Monday",8145,486.75
"2018 Mar 27, Tuesday",7793.61,449
"2018 Mar 28, Wednesday",7942.72,445.47
"2018 Mar 29, Thursday",7079.99,383.29
"2018 Mar 30, Friday",6848.01,394.46
"2018 Mar 31, Saturday",6928.5,394.54
"2018 Apr 01, Sunday",6816.01,378.18
"2018 Apr 02, Monday",7045.01,384
"2018 Apr 03, Tuesday",7424.9,416.38
"2018 Apr 04, Wednesday",6791.68,378.43
"2018 Apr 05, Thursday",6785.85,381.26
"2018 Apr 06, Friday",6619.01,370.32
"2018 Apr 07, Saturday",6894.01,384.61
"2018 Apr 08, Sunday",7020.01,399.9
"2018 Apr 09, Monday",6771.13,398.8
"2018 Apr 10, Tuesday",6824.99,415.45
"2018 Apr 11, Wednesday",6942.99,430.81
"2018 Apr 12, Thursday",7916,493.41
"2018 Apr 13, Friday",7893.19,495.22
"2018 Apr 14, Saturday",8003.11,502.4
"2018 Apr 15, Sunday",8355.25,533.74
"2018 Apr 16, Monday",8048.93,511.28
"2018 Apr 17, Tuesday",7892.1,502.42
"2018 Apr 18, Wednesday",8152.05,525.89
"2018 Apr 19, Thursday",8274,567.29
"2018 Apr 20, Friday",8866.27,617.17
"2018 Apr 21, Saturday",8915.42,605.16
"2018 Apr 22, Sunday",8795.01,620.07
"2018 Apr 23, Monday",8931.3,642.85
"2018 Apr 24, Tuesday",9650,703.38
"2018 Apr 25, Wednesday",8865.98,617.49
"2018 Apr 26, Thursday",9272.11,661
"2018 Apr 27, Friday",8922.55,642.77
"2018 Apr 28, Saturday",9329.99,682
"2018 Apr 29, Sunday",9389.01,687.51
"2018 Apr 30, Monday",9243.82,669.81
"2018 May 01, Tuesday",9072.29,670.75
"2018 May 02, Wednesday",9190.48,685.02
"2018 May 03, Thursday",9725.74,775.51
"2018 May 04, Friday",9685,783.01
"2018 May 05, Saturday",9800,812
"2018 May 06, Sunday",9600,784.33
"2018 May 07, Monday",9356.25,752.43
"2018 May 08, Tuesday",9177.81,746.99
"2018 May 09, Wednesday",9300.08,750
"2018 May 10, Thursday",9010.51,723.51
"2018 May 11, Friday",8403.33,678.05
"2018 May 12, Saturday",8475,684.66
"2018 May 13, Sunday",8686.1,729.29
"2018 May 14, Monday",8670,726.9
"2018 May 15, Tuesday",8477.46,706.08
"2018 May 16, Wednesday",8344,707.45
"2018 May 17, Thursday",8059,668.56
"2018 May 18, Friday",8238.51,694.5
"2018 May 19, Saturday",8235.6,695.96
"2018 May 20, Sunday",8516.86,714
"2018 May 21, Monday",8393.44,696.77
"2018 May 22, Tuesday",7987.7,640.5
"2018 May 23, Wednesday",7505,577.2
"2018 May 24, Thursday",7584.15,602.64
"2018 May 25, Friday",7459.11,584.02
"2018 May 26, Saturday",7337.95,584.99
"2018 May 27, Sunday",7346.64,570.75
"2018 May 28, Monday",7107.94,511.33
"2018 May 29, Tuesday",7460,566.66
"2018 May 30, Wednesday",7380.01,557.22
"2018 May 31, Thursday",7485,577.1
"2018 Jun 01, Friday",7514.32,578.89
"2018 Jun 02, Saturday",7636.42,590.46
"2018 Jun 03, Sunday",7706.37,618.63
"2018 Jun 04, Monday",7487.37,591.5
"2018 Jun 05, Tuesday",7612.51,607.6
"2018 Jun 06, Wednesday",7655,606.18
"2018 Jun 07, Thursday",7684.93,603.56
"2018 Jun 08, Friday",7618.83,598.59
"2018 Jun 09, Saturday",7496.4,593.4
"2018 Jun 10, Sunday",6770.31,525.25
"2018 Jun 11, Monday",6881,531.68
"2018 Jun 12, Tuesday",6544.99,494.14
"2018 Jun 13, Wednesday",6302.32,476.02
"2018 Jun 14, Thursday",6638.49,519.75
"2018 Jun 15, Friday",6391.22,487.45
"2018 Jun 16, Saturday",6484.29,497.31
"2018 Jun 17, Sunday",6447.16,496.5
"2018 Jun 18, Monday",6709.02,517.47
"2018 Jun 19, Tuesday",6736.41,538.5
"2018 Jun 20, Wednesday",6756.1,535.99
"2018 Jun 21, Thursday",6719.01,525.49
"2018 Jun 22, Friday",6059.82,462.01
"2018 Jun 23, Saturday",6178.29,475.17
"2018 Jun 24, Sunday",6149.99,454.79
"2018 Jun 25, Monday",6246.01,458.41
"2018 Jun 26, Tuesday",6074.0,429.08
"2018 Jun 27, Wednesday",6132.17,441.41
"2018 Jun 28, Thursday",5851.66,420.0
"2018 Jun 29, Friday",6202.36,434.6
"2018 Jun 30, Saturday",6383.19,453.29
"2018 Jul 01, Sunday",6349.5,451.43
"2018 Jul 02, Monday",6611.79,476.34
"2018 Jul 03, Tuesday",6502.62,461.75
"2018 Jul 04, Wednesday",6587.47,466.9
"2018 Jul 05, Thursday",6532.95,467.25
"2018 Jul 06, Friday",6600.0,469.3
"2018 Jul 07, Saturday",6753.28,484.48
"2018 Jul 08, Sunday",6701.97,486.08
"2018 Jul 09, Monday",6664.01,471.6
"2018 Jul 10, Tuesday",6303.7,432.59
"2018 Jul 11, Wednesday",6390.04,446.25
"2018 Jul 12, Thursday",6249.75,431.46
"2018 Jul 13, Friday",6216.29,432.8
"2018 Jul 14, Saturday",6248.65,434.13
"2018 Jul 15, Sunday",6348.73,449.41
"2018 Jul 16, Monday",6728.81,478.18
"2018 Jul 17, Tuesday",7315.01,499.01
"2018 Jul 18, Wednesday",7378.99,478.81
"2018 Jul 19, Thursday",7470.01,468.39
"2018 Jul 20, Friday",7334.46,448.21
"2018 Jul 21, Saturday",7408.0,461.5
"2018 Jul 22, Sunday",7397.8,456.9
"2018 Jul 23, Monday",7720.09,449.0
"2018 Jul 24, Tuesday",8385.5,478.79
"2018 Jul 25, Wednesday",8157.15,470.81
"2018 Jul 26, Thursday",7931.99,461.42
"2018 Jul 27, Friday",8184.21,469.3
"2018 Jul 28, Saturday",8228.9,468.12
"2018 Jul 29, Sunday",8216.34,466.01
"2018 Jul 30, Monday",8170.01,456.46
"2018 Jul 31, Tuesday",7727.27,432.35
"2018 Aug 01, Wednesday",7603.99,419.6
"2018 Aug 02, Thursday",7533.92,410.71
"2018 Aug 03, Friday",7414.08,417.8
"2018 Aug 04, Saturday",7005.0,407.0
"2018 Aug 05, Sunday",7030.01,408.83
"2018 Aug 06, Monday",6938.0,404.99
"2018 Aug 07, Tuesday",6718.22,378.08
"2018 Aug 08, Wednesday",6282.5,355.7
"2018 Aug 09, Thursday",6546.45,363.99
"2018 Aug 10, Friday",6146.01,330.99
"2018 Aug 11, Saturday",6235.56,318.02
"2018 Aug 12, Sunday",6316.01,318.15
"2018 Aug 13, Monday",6253.67,284.11
"2018 Aug 14, Tuesday",6195.01,279.4
"2018 Aug 15, Wednesday",6269.01,281.21
"2018 Aug 16, Thursday",6315.9,286.67
"2018 Aug 17, Friday",6585.49,317.54
"2018 Aug 18, Saturday",6396.64,296.61
"2018 Aug 19, Sunday",6489.53,300.03
"2018 Aug 20, Monday",6258.74,270.76
"2018 Aug 21, Tuesday",6475.89,281.49
"2018 Aug 22, Wednesday",6359.99,270.47
"2018 Aug 23, Thursday",6526.36,275.87
"2018 Aug 24, Friday",6690.88,281.35
"2018 Aug 25, Saturday",6737.52,277.97
"2018 Aug 26, Sunday",6709.98,274.25
"2018 Aug 27, Monday",6911.9,287.99
"2018 Aug 28, Tuesday",7071.01,295.39
"2018 Aug 29, Wednesday",7030.9,289.0
"2018 Aug 30, Thursday",6983.0,284.52
"2018 Aug 31, Friday",7015.01,281.94
"2018 Sep 01, Saturday",7191.08,294.64
"2018 Sep 02, Sunday",7295.0,295.06
"2018 Sep 03, Monday",7256.98,288.6
"2018 Sep 04, Tuesday",7360.0,285.43
"2018 Sep 05, Wednesday",6687.96,227.56
"2018 Sep 06, Thursday",6495.0,229.03
"2018 Sep 07, Friday",6395.01,215.21
"2018 Sep 08, Saturday",6188.0,197.0
"2018 Sep 09, Sunday",6235.01,195.91
"2018 Sep 10, Monday",6300.0,196.94
"2018 Sep 11, Tuesday",6282.53,185.15
"2018 Sep 12, Wednesday",6326.0,182.79
"2018 Sep 13, Thursday",6485.99,211.39
"2018 Sep 14, Friday",6478.04,210.0
"2018 Sep 15, Saturday",6518.68,221.69
"2018 Sep 16, Sunday",6498.0,220.19
"2018 Sep 17, Monday",6250.7,195.97
"2018 Sep 18, Tuesday",6335.7,208.5
"2018 Sep 19, Wednesday",6386.94,209.81
"2018 Sep 20, Thursday",6493.11,224.41
"2018 Sep 21, Friday",6750.0,247.76
"2018 Sep 22, Saturday",6707.33,240.71
"2018 Sep 23, Sunday",6696.99,244.35
"2018 Sep 24, Monday",6582.09,228.01
"2018 Sep 25, Tuesday",6436.89,219.19
"2018 Sep 26, Wednesday",6455.66,214.15
"2018 Sep 27, Thursday",6680.01,229.0
"2018 Sep 28, Friday",6620.01,220.67
"2018 Sep 29, Saturday",6581.0,231.01
"2018 Sep 30, Sunday",6605.0,232.27
"2018 Oct 01, Monday",6572.83,230.4
"2018 Oct 02, Tuesday",6498.46,224.85
"2018 Oct 03, Wednesday",6466.03,219.01
"2018 Oct 04, Thursday",6547.45,221.0
"2018 Oct 05, Friday",6593.94,226.89
"2018 Oct 06, Saturday",6552.43,223.85
"2018 Oct 07, Sunday",6570.0,224.82
"2018 Oct 08, Monday",6608.07,227.68
"2018 Oct 09, Tuesday",6589.48,226.15
"2018 Oct 10, Wednesday",6524.56,223.61
"2018 Oct 11, Thursday",6154.69,188.32
"2018 Oct 12, Friday",6188.01,194.1
"2018 Oct 13, Saturday",6196.0,196.72
"2018 Oct 14, Sunday",6183.49,191.87
"2018 Oct 15, Monday",6440.42,204.53
"2018 Oct 16, Tuesday",6457.11,205.43
"2018 Oct 17, Wednesday",6443.7,203.21
"2018 Oct 18, Thursday",6394.96,199.2
"2018 Oct 19, Friday",6382.99,200.0
"2018 Oct 20, Saturday",6414.0,202.69
"2018 Oct 21, Sunday",6415.88,202.12
"2018 Oct 22, Monday",6407.65,201.25
"2018 Oct 23, Tuesday",6395.14,201.12
"2018 Oct 24, Wednesday",6415.98,200.68
"2018 Oct 25, Thursday",6395.58,199.65
"2018 Oct 26, Friday",6404.87,200.7
"2018 Oct 27, Saturday",6409.12,201.46
"2018 Oct 28, Sunday",6403.62,202.43
"2018 Oct 29, Monday",6266.0,194.31
"2018 Oct 30, Tuesday",6267.63,195.35
"2018 Oct 31, Wednesday",6304.18,196.95
"2018 Nov 01, Thursday",6344.0,197.96
"2018 Nov 02, Friday",6349.8,199.75
"2018 Nov 03, Saturday",6331.96,198.35
"2018 Nov 04, Sunday",6423.28,210.06
"2018 Nov 05, Monday",6404.0,208.53
"2018 Nov 06, Tuesday",6448.5,218.65
"2018 Nov 07, Wednesday",6503.12,216.84
"2018 Nov 08, Thursday",6406.24,210.34
"2018 Nov 09, Friday",6334.89,208.01
"2018 Nov 10, Saturday",6347.42,210.29
"2018 Nov 11, Sunday",6357.6,209.88
"2018 Nov 12, Monday",6327.87,208.77
"2018 Nov 13, Tuesday",6259.34,203.2
"2018 Nov 14, Wednesday",5605.46,177.79
"2018 Nov 15, Thursday",5579.52,178.89
"2018 Nov 16, Friday",5512.24,172.4
"2018 Nov 17, Saturday",5504.17,172.49
"2018 Nov 18, Sunday",5560.0,175.87
"2018 Nov 19, Monday",4733.5,145.21
"2018 Nov 20, Tuesday",4349.23,127.55
"2018 Nov 21, Wednesday",4545.11,134.73
"2018 Nov 22, Thursday",4265.36,123.25
"2018 Nov 23, Friday",4283.8,121.44
"2018 Nov 24, Saturday",3774.99,110.16
"2018 Nov 25, Sunday",3936.69,114.3
"2018 Nov 26, Monday",3731.32,106.95
"2018 Nov 27, Tuesday",3775.0,108.7
"2018 Nov 28, Wednesday",4225.03,121.94
"2018 Nov 29, Thursday",4248.0,116.38
"2018 Nov 30, Friday",3976.0,111.65
"2018 Dec 01, Saturday",4142.01,116.82
"2018 Dec 02, Sunday",4103.19,114.76
"2018 Dec 03, Monday",3833.47,107.21
"2018 Dec 04, Tuesday",3901.84,108.61
"2018 Dec 05, Wednesday",3694.39,100.76
"2018 Dec 06, Thursday",3433.26,89.09
"2018 Dec 07, Friday",3380.01,92.45
"2018 Dec 08, Saturday",3401.0,89.99
"2018 Dec 09, Sunday",3531.18,92.79
"2018 Dec 10, Monday",3410.15,89.23
"2018 Dec 11, Tuesday",3349.36,86.96
"2018 Dec 12, Wednesday",3430.24,89.09
"2018 Dec 13, Thursday",3265.0,85.35
"2018 Dec 14, Friday",3195.71,83.0
"2018 Dec 15, Saturday",3183.0,83.03
"2018 Dec 16, Sunday",3195.0,83.74
"2018 Dec 17, Monday",3496.82,93.79
"2018 Dec 18, Tuesday",3667.77,101.0
"2018 Dec 19, Wednesday",3682.51,99.34
"2018 Dec 20, Thursday",4075.34,114.52
"2018 Dec 21, Friday",3839.06,107.74
"2018 Dec 22, Saturday",3980.46,116.09
"2018 Dec 23, Sunday",3944.93,129.61
"2018 Dec 24, Monday",4034.0,139.09
"2018 Dec 25, Tuesday",3780.0,128.82
"2018 Dec 26, Wednesday",3809.88,130.47
"2018 Dec 27, Thursday",3589.89,114.63
"2018 Dec 28, Friday",3888.06,136.82
"2018 Dec 29, Saturday",3729.31,134.15
"2018 Dec 30, Sunday",3829.0,138.78
"2018 Dec 31, Monday",3691.86,130.53
"2019 Jan 01, Tuesday",3826.1,139.75
"2019 Jan 02, Wednesday",3890.79,153.5
"2019 Jan 03, Thursday",3787.57,147.23
"2019 Jan 04, Friday",3820.25,153.24
"2019 Jan 05, Saturday",3798.62,154.21
"2019 Jan 06, Sunday",4040.99,155.92
"2019 Jan 07, Monday",4006.01,150.62
"2019 Jan 08, Tuesday",3993.86,148.97
"2019 Jan 09, Wednesday",4004.12,149.5
"2019 Jan 10, Thursday",3626.12,126.41
"2019 Jan 11, Friday",3635.69,125.83
"2019 Jan 12, Saturday",3619.41,124.59
"2019 Jan 13, Sunday",3514.24,115.58
"2019 Jan 14, Monday",3664.19,128.37
"2019 Jan 15, Tuesday",3580.76,120.0
"2019 Jan 16, Wednesday",3609.71,122.12
"2019 Jan 17, Thursday",3640.65,122.55
"2019 Jan 18, Friday",3607.85,119.53
"2019 Jan 19, Saturday",3682.65,123.17
"2019 Jan 20, Sunday",3536.19,117.43
"2019 Jan 21, Monday",3531.76,115.86
"2019 Jan 22, Tuesday",3577.03,118.08
"2019 Jan 23, Wednesday",3553.01,116.55
"2019 Jan 24, Thursday",3568.97,116.4
"2019 Jan 25, Friday",3562.17,114.95
"2019 Jan 26, Saturday",3556.07,115.01
"2019 Jan 27, Sunday",3531.02,111.35
"2019 Jan 28, Monday",3429.95,105.47
"2019 Jan 29, Tuesday",3397.42,104.02
"2019 Jan 30, Wednesday",3437.55,107.61
"2019 Jan 31, Thursday",3411.5,105.79
"2019 Feb 01, Friday",3437.5,105.88
"2019 Feb 02, Saturday",3468.43,109.3
"2019 Feb 03, Sunday",3414.78,105.94
"2019 Feb 04, Monday",3409.57,106.08
"2019 Feb 05, Tuesday",3428.4,106.0
"2019 Feb 06, Wednesday",3367.36,103.36
"2019 Feb 07, Thursday",3359.0,103.21
"2019 Feb 08, Friday",3621.99,117.96
"2019 Feb 09, Saturday",3623.73,118.06
"2019 Feb 10, Sunday",3648.84,123.94
"2019 Feb 11, Monday",3590.36,119.55
"2019 Feb 12, Tuesday",3588.06,120.82
"2019 Feb 13, Wednesday",3576.68,120.74
"2019 Feb 14, Thursday",3561.5,119.39
"2019 Feb 15, Friday",3566.59,120.42
"2019 Feb 16, Saturday",3582.37,121.56
"2019 Feb 17, Sunday",3625.08,132.34
"2019 Feb 18, Monday",3867.0,144.62
"2019 Feb 19, Tuesday",3888.01,142.69
"2019 Feb 20, Wednesday",3938.99,147.19
"2019 Feb 21, Thursday",3897.71,144.21
"2019 Feb 22, Friday",3942.02,146.68
"2019 Feb 23, Saturday",4110.0,157.56
"2019 Feb 24, Sunday",3734.22,131.76
"2019 Feb 25, Monday",3818.79,137.64
"2019 Feb 26, Tuesday",3799.48,135.66
"2019 Feb 27, Wednesday",3799.91,134.46
"2019 Feb 28, Thursday",3792.14,134.48
"2019 Mar 01, Friday",3806.17,134.72
"2019 Mar 02, Saturday",3809.7,132.32
"2019 Mar 03, Sunday",3786.93,129.78
"2019 Mar 04, Monday",3700.72,125.24
"2019 Mar 05, Tuesday",3844.59,136.3
"2019 Mar 06, Wednesday",3851.89,137.0
"2019 Mar 07, Thursday",3857.05,136.29
"2019 Mar 08, Friday",3843.12,132.75
"2019 Mar 09, Saturday",3917.0,136.41
"2019 Mar 10, Sunday",3900.93,134.66
"2019 Mar 11, Monday",3849.68,132.05
"2019 Mar 12, Tuesday",3860.0,132.8
"2019 Mar 13, Wednesday",3851.02,131.16
"2019 Mar 14, Thursday",3853.95,131.4
"2019 Mar 15, Friday",3902.8,135.99
"2019 Mar 16, Saturday",3990.0,140.48
"2019 Mar 17, Sunday",3967.01,138.07
"2019 Mar 18, Monday",3970.5,137.01
"2019 Mar 19, Tuesday",4000.85,138.15
"2019 Mar 20, Wednesday",4031.85,138.73
"2019 Mar 21, Thursday",3972.76,134.41
"2019 Mar 22, Friday",3983.78,135.63
"2019 Mar 23, Saturday",3983.43,136.52
"2019 Mar 24, Sunday",3969.52,135.37
"2019 Mar 25, Monday",3907.53,133.01
"2019 Mar 26, Tuesday",3921.45,133.28
"2019 Mar 27, Wednesday",4026.53,139.08
"2019 Mar 28, Thursday",4011.17,137.46
"2019 Mar 29, Friday",4091.01,142.83
"2019 Mar 30, Saturday",4094.14,142.12
"2019 Mar 31, Sunday",4094.99,141.2
"2019 Apr 01, Monday",4137.0,141.0
"2019 Apr 02, Tuesday",4901.93,164.69
"2019 Apr 03, Wednesday",4975.97,161.33
"2019 Apr 04, Thursday",4906.49,157.65
"2019 Apr 05, Friday",5040.66,166.08
"2019 Apr 06, Saturday",5049.22,165.79
"2019 Apr 07, Sunday",5194.79,174.84
"2019 Apr 08, Monday",5285.54,180.74
"2019 Apr 09, Tuesday",5187.21,175.83
"2019 Apr 10, Wednesday",5318.58,177.55
"2019 Apr 11, Thursday",5041.3,164.92
"2019 Apr 12, Friday",5078.19,164.27
"2019 Apr 13, Saturday",5066.22,163.75
"2019 Apr 14, Sunday",5164.27,168.27
"2019 Apr 15, Monday",5029.99,160.24
"2019 Apr 16, Tuesday",5202.9,166.38
"2019 Apr 17, Wednesday",5227.0,166.54
"2019 Apr 18, Thursday",5280.49,174.15
"2019 Apr 19, Friday",5290.36,173.83
"2019 Apr 20, Saturday",5319.89,173.73
"2019 Apr 21, Sunday",5297.64,169.9
"2019 Apr 22, Monday",5387.6,171.58
"2019 Apr 23, Tuesday",5532.75,170.14
"2019 Apr 24, Wednesday",5441.9,165.75
"2019 Apr 25, Thursday",5134.81,152.05
"2019 Apr 26, Friday",5159.51,153.41
"2019 Apr 27, Saturday",5170.6,155.66
"2019 Apr 28, Sunday",5155.0,153.19
"2019 Apr 29, Monday",5148.25,152.36
"2019 Apr 30, Tuesday",5270.69,160.4
"2019 May 01, Wednesday",5321.15,158.3
"2019 May 02, Thursday",5390.01,158.7
"2019 May 03, Friday",5657.4,164.74
"2019 May 04, Saturday",5770.01,161.85
"2019 May 05, Sunday",5715.86,161.25
"2019 May 06, Monday",5687.9,171.07
"2019 May 07, Tuesday",5748.45,166.51
"2019 May 08, Wednesday",5948.41,169.58
"2019 May 09, Thursday",6153.09,170.11
"2019 May 10, Friday",6343.14,172.21
"2019 May 11, Saturday",7219.95,192.52
"2019 May 12, Sunday",6979.76,188.23
"2019 May 13, Monday",7824.93,196.51
"2019 May 14, Tuesday",7990.92,217.44
"2019 May 15, Wednesday",8203.32,249.0
"2019 May 16, Thursday",7878.96,264.5
"2019 May 17, Friday",7363.69,244.59
"2019 May 18, Saturday",7262.4,234.03
"2019 May 19, Sunday",8200.0,261.09
"2019 May 20, Monday",7999.54,252.22
"2019 May 21, Tuesday",7951.7,254.74
"2019 May 22, Wednesday",7626.48,243.32
"2019 May 23, Thursday",7881.98,245.64
"2019 May 24, Friday",7994.88,249.45
"2019 May 25, Saturday",8067.41,251.85
"2019 May 26, Sunday",8760.03,269.28
"2019 May 27, Monday",8783.25,271.08
"2019 May 28, Tuesday",8686.5,270.52
"2019 May 29, Wednesday",8660.5,269.23
"2019 May 30, Thursday",8273.57,253.76
"2019 May 31, Friday",8550.18,267.84
"2019 Jun 01, Saturday",8558.01,264.7
"2019 Jun 02, Sunday",8741.17,269.33
"2019 Jun 03, Monday",8015.01,246.0
"2019 Jun 04, Tuesday",7688.26,241.47
"2019 Jun 05, Wednesday",7766.91,245.73
"2019 Jun 06, Thursday",7812.15,250.22
"2019 Jun 07, Friday",7992.17,249.31
"2019 Jun 08, Saturday",7938.64,244.52
"2019 Jun 09, Sunday",7623.84,230.92
"2019 Jun 10, Monday",8046.13,248.39
"2019 Jun 11, Tuesday",7918.2,245.47
"2019 Jun 12, Wednesday",8169.01,263.29
"2019 Jun 13, Thursday",8256.0,256.35
"2019 Jun 14, Friday",8693.98,263.67
"2019 Jun 15, Saturday",8861.33,269.17
"2019 Jun 16, Sunday",8996.95,268.89
"2019 Jun 17, Monday",9346.47,274.16
"2019 Jun 18, Tuesday",9089.99,264.48
"2019 Jun 19, Wednesday",9283.99,268.99
"2019 Jun 20, Thursday",9542.6,272.36
"2019 Jun 21, Friday",10175.88,295.3
"2019 Jun 22, Saturday",10658.3,308.68
"2019 Jun 23, Sunday",10808.53,306.33
"2019 Jun 24, Monday",11040.03,311.4
"2019 Jun 25, Tuesday",11736.99,316.26
"2019 Jun 26, Wednesday",12902.52,334.7
"2019 Jun 27, Thursday",11127.4,293.88
"2019 Jun 28, Friday",12317.73,309.1
"2019 Jun 29, Saturday",11913.73,319.41
"2019 Jun 30, Sunday",10778.74,291.2
"2019 Jul 01, Monday",10570.62,293.76
"2019 Jul 02, Tuesday",10885.01,292.29
"2019 Jul 03, Wednesday",12022.61,303.24
"2019 Jul 04, Thursday",11130.95,281.99
"2019 Jul 05, Friday",11038.61,287.92
"2019 Jul 06, Saturday",11187.8,287.38
"2019 Jul 07, Sunday",11478.9,306.74
"2019 Jul 08, Monday",12298.31,313.21
"2019 Jul 09, Tuesday",12559.46,307.51
"2019 Jul 10, Wednesday",12083.13,288.21
"2019 Jul 11, Thursday",11323.95,268.46
"2019 Jul 12, Friday",11811.99,275.69
"2019 Jul 13, Saturday",11408.1,269.7
"2019 Jul 14, Sunday",10190.36,226.83
"2019 Jul 15, Monday",10855.56,229.05
"2019 Jul 16, Tuesday",9436.0,199.04
"2019 Jul 17, Wednesday",9708.55,211.32
"2019 Jul 18, Thursday",10654.25,226.43
"2019 Jul 19, Friday",10548.04,221.99
"2019 Jul 20, Saturday",10754.92,227.89
"2019 Jul 21, Sunday",10633.54,226.2
"2019 Jul 22, Monday",10304.64,216.6
"2019 Jul 23, Tuesday",9833.19,212.0
"2019 Jul 24, Wednesday",9751.24,215.64
"2019 Jul 25, Thursday",9880.67,219.15
"2019 Jul 26, Friday",9841.96,219.26
"2019 Jul 27, Saturday",9468.92,207.28
"2019 Jul 28, Sunday",9549.7,211.51
"2019 Jul 29, Monday",9503.32,210.77
"2019 Jul 30, Tuesday",9580.0,209.72
"2019 Jul 31, Wednesday",10099.0,218.86
"2019 Aug 01, Thursday",10417.24,217.66
"2019 Aug 02, Friday",10533.07,217.89
"2019 Aug 03, Saturday",10820.75,222.1
"2019 Aug 04, Sunday",10997.82,223.09
"2019 Aug 05, Monday",11775.14,232.65
"2019 Aug 06, Tuesday",11440.08,225.7
"2019 Aug 07, Wednesday",12014.41,226.47
"2019 Aug 08, Thursday",12017.89,220.97
"2019 Aug 09, Friday",11889.0,210.84
"2019 Aug 10, Saturday",11283.82,206.1
"2019 Aug 11, Sunday",11531.95,216.11
"2019 Aug 12, Monday",11387.38,211.03
"2019 Aug 13, Tuesday",10855.58,208.38
"2019 Aug 14, Wednesday",10105.34,187.49
"2019 Aug 15, Thursday",10280.96,188.0
"2019 Aug 16, Friday",10368.83,185.56
"2019 Aug 17, Saturday",10218.37,185.84
"2019 Aug 18, Sunday",10309.04,194.52
"2019 Aug 19, Monday",10935.67,202.46
"2019 Aug 20, Tuesday",10770.99,196.65
"2019 Aug 21, Wednesday",10137.75,189.74
"2019 Aug 22, Thursday",10088.89,189.71
"2019 Aug 23, Friday",10415.01,194.56
"2019 Aug 24, Saturday",10156.0,190.84
"2019 Aug 25, Sunday",10148.5,186.7
"2019 Aug 26, Monday",10373.75,188.26
"2019 Aug 27, Tuesday",10170.16,187.0
"2019 Aug 28, Wednesday",9710.38,172.66
"2019 Aug 29, Thursday",9525.0,169.64
"2019 Aug 30, Friday",9580.6,168.37
"2019 Aug 31, Saturday",9593.95,171.78
"2019 Sep 01, Sunday",9769.64,171.66
"2019 Sep 02, Monday",10405.05,178.99
"2019 Sep 03, Tuesday",10628.46,178.76
"2019 Sep 04, Wednesday",10585.67,174.84
"2019 Sep 05, Thursday",10574.27,174.0
"2019 Sep 06, Friday",10318.8,169.49
"2019 Sep 07, Saturday",10484.87,178.26
"2019 Sep 08, Sunday",10395.17,181.32
"2019 Sep 09, Monday",10310.01,180.72
"2019 Sep 10, Tuesday",10090.01,179.58
"2019 Sep 11, Wednesday",10169.49,178.31
"2019 Sep 12, Thursday",10437.19,181.17
"2019 Sep 13, Friday",10381.91,181.91
"2019 Sep 14, Saturday",10360.2,189.0
"2019 Sep 15, Sunday",10306.65,189.66
"2019 Sep 16, Monday",10268.77,197.94
"2019 Sep 17, Tuesday",10185.14,208.11
"2019 Sep 18, Wednesday",10155.26,210.25
"2019 Sep 19, Thursday",10304.94,221.69
"2019 Sep 20, Friday",10168.44,218.11
"2019 Sep 21, Saturday",9982.39,215.26
"2019 Sep 22, Sunday",10035.0,211.1
"2019 Sep 23, Monday",9683.89,200.77
"2019 Sep 24, Tuesday",8556.43,167.07
"2019 Sep 25, Wednesday",8446.57,170.28
"2019 Sep 26, Thursday",8063.0,165.86
"2019 Sep 27, Friday",8193.98,174.29
"2019 Sep 28, Saturday",8228.22,174.03
"2019 Sep 29, Sunday",8063.06,170.16
"2019 Sep 30, Monday",8305.14,181.6
"2019 Oct 01, Tuesday",8323.43,176.25
"2019 Oct 02, Wednesday",8396.0,181.21
"2019 Oct 03, Thursday",8241.25,175.17
"2019 Oct 04, Friday",8159.71,175.82
"2019 Oct 05, Saturday",8152.99,176.73
"2019 Oct 06, Sunday",7862.67,170.18
"2019 Oct 07, Monday",8224.82,180.65
"2019 Oct 08, Tuesday",8186.73,180.95
"2019 Oct 09, Wednesday",8600.0,193.41
"2019 Oct 10, Thursday",8589.01,192.04
"2019 Oct 11, Friday",8263.64,180.85
"2019 Oct 12, Saturday",8304.1,179.61
"2019 Oct 13, Sunday",8280.01,181.01
"2019 Oct 14, Monday",8363.0,187.11
"2019 Oct 15, Tuesday",8156.52,180.49
"2019 Oct 16, Wednesday",7993.0,174.5
"2019 Oct 17, Thursday",8077.0,177.38
"2019 Oct 18, Friday",7954.16,173.27
"2019 Oct 19, Saturday",7965.27,172.07
"2019 Oct 20, Sunday",8235.44,175.42
"2019 Oct 21, Monday",8214.58,174.34
"2019 Oct 22, Tuesday",8008.04,171.08
"2019 Oct 23, Wednesday",7473.42,162.35
"2019 Oct 24, Thursday",7439.29,160.68
"2019 Oct 25, Friday",8704.85,182.27
"2019 Oct 26, Saturday",9281.27,180.67
"2019 Oct 27, Sunday",9570.58,184.26
"2019 Oct 28, Monday",9221.96,181.87
"2019 Oct 29, Tuesday",9431.27,190.93
"2019 Oct 30, Wednesday",9175.77,183.63
"2019 Oct 31, Thursday",9146.75,182.06
"2019 Nov 01, Friday",9268.0,183.55
"2019 Nov 02, Saturday",9320.0,183.45
"2019 Nov 03, Sunday",9215.01,181.82
"2019 Nov 04, Monday",9414.0,186.12
"2019 Nov 05, Tuesday",9314.99,188.7
"2019 Nov 06, Wednesday",9343.11,191.41
"2019 Nov 07, Thursday",9196.71,186.53
"2019 Nov 08, Friday",8758.69,183.44
"2019 Nov 09, Saturday",8798.38,184.77
"2019 Nov 10, Sunday",9036.82,189.0
"2019 Nov 11, Monday",8720.61,184.63
"2019 Nov 12, Tuesday",8823.65,186.99
"2019 Nov 13, Wednesday",8765.61,188.0
"2019 Nov 14, Thursday",8630.01,184.69
"2019 Nov 15, Friday",8460.0,180.03
"2019 Nov 16, Saturday",8488.0,182.22
"2019 Nov 17, Sunday",8500.01,183.85
"2019 Nov 18, Monday",8160.73,177.65
"2019 Nov 19, Tuesday",8123.36,175.62
"2019 Nov 20, Wednesday",8082.96,174.25
"2019 Nov 21, Thursday",7618.76,160.84
"2019 Nov 22, Friday",7296.45,150.32
"2019 Nov 23, Saturday",7338.92,152.32
"2019 Nov 24, Sunday",6906.25,140.37
"2019 Nov 25, Monday",7125.0,146.12
"2019 Nov 26, Tuesday",7155.0,147.57
"2019 Nov 27, Wednesday",7539.4,153.42
"2019 Nov 28, Thursday",7413.05,150.5
"2019 Nov 29, Friday",7751.29,154.62
"2019 Nov 30, Saturday",7551.7,151.5
"2019 Dec 01, Sunday",7413.84,151.39
"2019 Dec 02, Monday",7315.09,149.09
"2019 Dec 03, Tuesday",7296.0,147.3
"2019 Dec 04, Wednesday",7185.57,145.43
"2019 Dec 05, Thursday",7388.75,148.2
"2019 Dec 06, Friday",7560.76,149.0
"2019 Dec 07, Saturday",7502.2,147.37
"2019 Dec 08, Sunday",7520.0,150.71
"2019 Dec 09, Monday",7332.69,147.34
"2019 Dec 10, Tuesday",7215.69,145.55
"2019 Dec 11, Wednesday",7275.17,143.93
"2019 Dec 12, Thursday",7194.19,144.82
"2019 Dec 13, Friday",7249.25,144.69
"2019 Dec 14, Saturday",7059.55,141.8
"2019 Dec 15, Sunday",7111.0,142.4
"2019 Dec 16, Monday",6877.04,132.39
"2019 Dec 17, Tuesday",6618.62,121.91
"2019 Dec 18, Wednesday",7309.12,133.49
"2019 Dec 19, Thursday",7153.99,128.48
"2019 Dec 20, Friday",7189.87,128.37
"2019 Dec 21, Saturday",7143.01,127.16
"2019 Dec 22, Sunday",7550.0,132.76
"2019 Dec 23, Monday",7318.18,127.91
"2019 Dec 24, Tuesday",7259.87,127.64
"2019 Dec 25, Wednesday",7194.76,125.0
"2019 Dec 26, Thursday",7195.0,125.38
"2019 Dec 27, Friday",7247.35,126.11
"2019 Dec 28, Saturday",7303.7,127.84
"2019 Dec 29, Sunday",7378.53,134.22
"2019 Dec 30, Monday",7191.0,130.78
"2019 Dec 31, Tuesday",7158.01,128.41
"2020 Jan 01, Wednesday",7174.32,130.05
"2020 Jan 02, Thursday",6945.01,126.8
"2020 Jan 03, Friday",7335.54,134.2
"2020 Jan 04, Saturday",7353.5,134.35
"2020 Jan 05, Sunday",7348.69,135.23
"2020 Jan 06, Monday",7773.48,144.28
"2020 Jan 07, Tuesday",8169.95,143.13
"2020 Jan 08, Wednesday",8035.08,140.54
"2020 Jan 09, Thursday",7813.78,137.74
"2020 Jan 10, Friday",8183.89,144.5
"2020 Jan 11, Saturday",8002.89,142.29
"2020 Jan 12, Sunday",8192.66,146.85
"2020 Jan 13, Monday",8109.62,143.51
"2020 Jan 14, Tuesday",8757.18,163.66
"2020 Jan 15, Wednesday",8831.86,166.56
"2020 Jan 16, Thursday",8727.22,164.59
"2020 Jan 17, Friday",8875.81,169.28
"2020 Jan 18, Saturday",8901.0,173.9
"2020 Jan 19, Sunday",8710.41,167.06
"2020 Jan 20, Monday",8633.67,166.6
"2020 Jan 21, Tuesday",8730.0,169.59
"2020 Jan 22, Wednesday",8665.0,167.71
"2020 Jan 23, Thursday",8386.63,162.6
"2020 Jan 24, Friday",8424.96,162.35
"2020 Jan 25, Saturday",8304.04,159.18
"2020 Jan 26, Sunday",8632.92,167.96
"2020 Jan 27, Monday",8903.24,169.9
"2020 Jan 28, Tuesday",9417.64,176.23
"2020 Jan 29, Wednesday",9270.0,172.7
"2020 Jan 30, Thursday",9493.61,184.73
"2020 Jan 31, Friday",9343.28,179.62
"2020 Feb 01, Saturday",9375.06,183.5
"2020 Feb 02, Sunday",9314.06,188.1
"2020 Feb 03, Monday",9282.29,189.4
"2020 Feb 04, Tuesday",9158.57,188.19
"2020 Feb 05, Wednesday",9623.44,204.04
"2020 Feb 06, Thursday",9765.96,213.11
"2020 Feb 07, Friday",9804.98,223.22
"2020 Feb 08, Saturday",9911.13,223.36
"2020 Feb 09, Sunday",10174.81,228.91
"2020 Feb 10, Monday",9854.5,223.1
"2020 Feb 11, Tuesday",10279.99,238.39
"2020 Feb 12, Wednesday",10344.01,265.92
"2020 Feb 13, Thursday",10239.57,268.89
"2020 Feb 14, Friday",10380.0,286.8
"2020 Feb 15, Saturday",9901.34,264.59
"2020 Feb 16, Sunday",9915.04,259.56
"2020 Feb 17, Monday",9711.95,268.3
"2020 Feb 18, Tuesday",10191.51,282.98
"2020 Feb 19, Wednesday",9591.54,257.27
"2020 Feb 20, Thursday",9610.05,257.37
"2020 Feb 21, Friday",9697.01,265.41
"2020 Feb 22, Saturday",9668.26,262.13
"2020 Feb 23, Sunday",9964.16,275.34
"2020 Feb 24, Monday",9668.08,265.99
"2020 Feb 25, Tuesday",9301.01,245.2
"2020 Feb 26, Wednesday",8776.01,222.53
"2020 Feb 27, Thursday",8816.71,228.18
"2020 Feb 28, Friday",8713.16,227.64
"2020 Feb 29, Saturday",8552.08,218.57
"2020 Mar 01, Sunday",8490.3,216.7
"2020 Mar 02, Monday",8923.52,231.89
"2020 Mar 03, Tuesday",8769.67,223.77
"2020 Mar 04, Wednesday",8765.0,224.9
"2020 Mar 05, Thursday",9053.56,228.21
"2020 Mar 06, Friday",9162.98,246.5
"2020 Mar 07, Saturday",8885.68,236.61
"2020 Mar 08, Sunday",8068.0,202.43
"2020 Mar 09, Monday",7945.03,203.59
"2020 Mar 10, Tuesday",7887.01,200.65
"2020 Mar 11, Wednesday",7957.02,195.13
"2020 Mar 12, Thursday",4980.0,111.04
"2020 Mar 13, Friday",5592.77,134.69
"2020 Mar 14, Saturday",5182.62,122.56
"2020 Mar 15, Sunday",5327.12,123.02
"2020 Mar 16, Monday",5074.2,111.97
"2020 Mar 17, Tuesday",5361.77,116.59
"2020 Mar 18, Wednesday",5426.71,119.15
"2020 Mar 19, Thursday",6219.99,137.43
"2020 Mar 20, Friday",6215.4,133.51
"2020 Mar 21, Saturday",6168.72,132.1
"2020 Mar 22, Sunday",5791.69,121.85
"2020 Mar 23, Monday",6583.38,137.28
"2020 Mar 24, Tuesday",6742.21,138.68
"2020 Mar 25, Wednesday",6752.83,137.1
"2020 Mar 26, Thursday",6772.2,139.24
"2020 Mar 27, Friday",6320.46,130.07
"2020 Mar 28, Saturday",6269.81,131.86
"2020 Mar 29, Sunday",5897.55,124.83
"2020 Mar 30, Monday",6401.26,132.15
"2020 Mar 31, Tuesday",6434.73,133.29
"2020 Apr 01, Wednesday",6719.39,137.66
"2020 Apr 02, Thursday",6789.84,141.07
"2020 Apr 03, Friday",6727.99,141.15
"2020 Apr 04, Saturday",6896.6,145.0
"2020 Apr 05, Sunday",6779.75,142.89
"2020 Apr 06, Monday",7320.07,171.01
"2020 Apr 07, Tuesday",7204.58,164.64
"2020 Apr 08, Wednesday",7343.65,172.75
"2020 Apr 09, Thursday",7294.69,169.8
"2020 Apr 10, Friday",6892.54,158.91
"2020 Apr 11, Saturday",6891.43,158.69
"2020 Apr 12, Sunday",6860.97,157.75
"2020 Apr 13, Monday",6871.0,157.36
"2020 Apr 14, Tuesday",6865.72,157.95
"2020 Apr 15, Wednesday",6576.76,151.38
"2020 Apr 16, Thursday",7123.29,172.87
"2020 Apr 17, Friday",7055.22,171.85
"2020 Apr 18, Saturday",7271.53,188.62
"2020 Apr 19, Sunday",7125.31,180.1
"2020 Apr 20, Monday",6832.57,170.16
"2020 Apr 21, Tuesday",6845.0,170.63
"2020 Apr 22, Wednesday",7143.99,183.3
"2020 Apr 23, Thursday",7479.06,185.31
"2020 Apr 24, Friday",7514.64,187.55
"2020 Apr 25, Saturday",7535.69,194.14
"2020 Apr 26, Sunday",7765.79,198.63
"2020 Apr 27, Monday",7773.0,196.59
"2020 Apr 28, Tuesday",7774.39,197.49
"2020 Apr 29, Wednesday",8789.1,215.27
"2020 Apr 30, Thursday",8652.3,206.88
"2020 May 01, Friday",8813.9,211.39
"2020 May 02, Saturday",8992.0,214.23
"2020 May 03, Sunday",8917.63,210.13
"2020 May 04, Monday",8900.29,207.22
"2020 May 05, Tuesday",9037.69,205.79
"2020 May 06, Wednesday",9132.24,198.29
"2020 May 07, Thursday",10007.56,212.69
"2020 May 08, Friday",9790.23,211.65
"2020 May 09, Saturday",9554.91,209.95
"2020 May 10, Sunday",8773.89,188.62
"2020 May 11, Monday",8557.37,185.79
"2020 May 12, Tuesday",8809.14,189.56
"2020 May 13, Wednesday",9335.84,200.16
"2020 May 14, Thursday",9815.22,203.86
"2020 May 15, Friday",9331.18,194.72
"2020 May 16, Saturday",9353.26,199.92
"2020 May 17, Sunday",9700.33,207.26
"2020 May 18, Monday",9733.21,214.89
"2020 May 19, Tuesday",9783.91,214.41
"2020 May 20, Wednesday",9497.76,209.71
"2020 May 21, Thursday",9039.12,198.1
"2020 May 22, Friday",9173.23,207.59
"2020 May 23, Saturday",9166.02,206.38
"2020 May 24, Sunday",8673.64,199.31
"2020 May 25, Monday",8892.39,203.97
"2020 May 26, Tuesday",8836.77,201.04
"2020 May 27, Wednesday",9200.0,208.16
"2020 May 28, Thursday",9593.72,221.45
"2020 May 29, Friday",9426.87,220.98
"2020 May 30, Saturday",9684.6,243.41
"2020 May 31, Sunday",9435.8,230.76
"2020 Jun 01, Monday",10212.38,248.68
"2020 Jun 02, Tuesday",9509.35,237.36
"2020 Jun 03, Wednesday",9672.67,244.76
"2020 Jun 04, Thursday",9799.57,243.23
"2020 Jun 05, Friday",9568.95,239.09
"2020 Jun 06, Saturday",9665.36,241.82
"2020 Jun 07, Sunday",9764.0,245.18
"2020 Jun 08, Monday",9833.94,247.76
"2020 Jun 09, Tuesday",9778.6,244.13
"2020 Jun 10, Wednesday",9899.18,248.41
"2020 Jun 11, Thursday",9258.7,229.65
"2020 Jun 12, Friday",9466.77,237.75
"2020 Jun 13, Saturday",9477.17,238.07
"2020 Jun 14, Sunday",9315.71,231.0
"2020 Jun 15, Monday",9437.23,231.05
"2020 Jun 16, Tuesday",9534.8,235.54
"2020 Jun 17, Wednesday",9460.53,233.64
"2020 Jun 18, Thursday",9368.15,230.85
"2020 Jun 19, Friday",9285.54,228.49
"2020 Jun 20, Saturday",9361.81,228.91
"2020 Jun 21, Sunday",9279.68,227.54
"2020 Jun 22, Monday",9700.91,243.67
"2020 Jun 23, Tuesday",9623.74,243.3
"2020 Jun 24, Wednesday",9284.1,234.58
"2020 Jun 25, Thursday",9232.84,232.01
"2020 Jun 26, Friday",9157.22,229.53
"2020 Jun 27, Saturday",9001.24,220.34
"2020 Jun 28, Sunday",9122.56,225.05
"2020 Jun 29, Monday",9191.05,228.28
"2020 Jun 30, Tuesday",9129.47,225.24
"2020 Jul 01, Wednesday",9239.09,231.13
"2020 Jul 02, Thursday",9088.54,226.39
"2020 Jul 03, Friday",9050.05,224.81
"2020 Jul 04, Saturday",9138.22,229.31
"2020 Jul 05, Sunday",9088.52,228.12
"2020 Jul 06, Monday",9331.69,241.49
"2020 Jul 07, Tuesday",9263.56,239.68
"2020 Jul 08, Wednesday",9436.01,246.89
"2020 Jul 09, Thursday",9230.48,242.09
"2020 Jul 10, Friday",9298.16,241.42
"2020 Jul 11, Saturday",9235.0,239.4
"2020 Jul 12, Sunday",9313.77,243.2
"2020 Jul 13, Monday",9230.14,239.21
"2020 Jul 14, Tuesday",9258.34,240.44
"2020 Jul 15, Wednesday",9194.51,238.36
"2020 Jul 16, Thursday",9130.91,233.54
"2020 Jul 17, Friday",9147.65,232.59
"2020 Jul 18, Saturday",9174.6,235.66
"2020 Jul 19, Sunday",9221.71,239.66
"2020 Jul 20, Monday",9161.13,235.98
"2020 Jul 21, Tuesday",9396.65,245.76
"2020 Jul 22, Wednesday",9546.31,264.6
"2020 Jul 23, Thursday",9612.05,275.25
"2020 Jul 24, Friday",9553.41,280.07
"2020 Jul 25, Saturday",9709.02,305.2
"2020 Jul 26, Sunday",9944.58,311.8
"2020 Jul 27, Monday",11108.44,323.98
"2020 Jul 28, Tuesday",10952.85,318.44
"2020 Jul 29, Wednesday",11100.39,317.82
"2020 Jul 30, Thursday",11139.67,336.57
"2020 Jul 31, Friday",11372.76,347.25
"2020 Aug 01, Saturday",11805.82,387.63
"2020 Aug 02, Sunday",11050.03,372.29
"2020 Aug 03, Monday",11235.44,386.68
"2020 Aug 04, Tuesday",11198.04,390.23
"2020 Aug 05, Wednesday",11737.59,400.55
"2020 Aug 06, Thursday",11766.62,394.95
"2020 Aug 07, Friday",11598.96,379.12
"2020 Aug 08, Saturday",11780.14,400.0
"2020 Aug 09, Sunday",11692.76,391.08
"2020 Aug 10, Monday",11896.19,396.0
"2020 Aug 11, Tuesday",11387.01,378.45
"2020 Aug 12, Wednesday",11563.16,386.66
"2020 Aug 13, Thursday",11824.99,426.65
"2020 Aug 14, Friday",11785.29,439.26
"2020 Aug 15, Saturday",11854.27,432.78
"2020 Aug 16, Sunday",11924.0,434.53
"2020 Aug 17, Monday",12325.1,431.42
"2020 Aug 18, Tuesday",11983.52,423.95
"2020 Aug 19, Wednesday",11764.8,408.66
"2020 Aug 20, Thursday",11856.24,416.19
"2020 Aug 21, Friday",11526.32,387.76
"2020 Aug 22, Saturday",11675.78,395.9
"2020 Aug 23, Sunday",11650.03,390.8
"2020 Aug 24, Monday",11762.34,408.47
"2020 Aug 25, Tuesday",11324.86,382.77
"2020 Aug 26, Wednesday",11460.01,386.34
"2020 Aug 27, Thursday",11341.73,383.56
"2020 Aug 28, Friday",11540.0,395.57
"2020 Aug 29, Saturday",11468.56,398.52
"2020 Aug 30, Sunday",11724.99,429.37
"2020 Aug 31, Monday",11665.93,434.79
"2020 Sep 01, Tuesday",11911.74,476.15
"2020 Sep 02, Wednesday",11390.12,439.59
"2020 Sep 03, Thursday",10225.82,383.38
"2020 Sep 04, Friday",,
"2020 Sep 05, Saturday",10152.97,334.1
"2020 Sep 06, Sunday",10255.2,352.61
"2020 Sep 07, Monday",10389.85,354.63
"2020 Sep 08, Tuesday",10123.21,336.67
"2020 Sep 09, Wednesday",10235.0,351.45
"2020 Sep 10, Thursday",10345.95,368.4
"2020 Sep 11, Friday",10399.99,374.02
"2020 Sep 12, Saturday",10444.01,387.49
"2020 Sep 13, Sunday",10336.28,366.15
"2020 Sep 14, Monday",10679.33,377.3
"2020 Sep 15, Tuesday",10789.8,364.62
"2020 Sep 16, Wednesday",10953.38,364.78
"2020 Sep 17, Thursday",10947.83,389.18
"2020 Sep 18, Friday",10942.2,384.43
"2020 Sep 19, Saturday",11075.33,385.11
"2020 Sep 20, Sunday",10911.59,370.37
"2020 Sep 21, Monday",10425.85,340.8
"2020 Sep 22, Tuesday",10529.01,343.96
"2020 Sep 23, Wednesday",10230.11,320.03
"2020 Sep 24, Thursday",10741.0,349.09
"2020 Sep 25, Friday",10693.3,352.53
"2020 Sep 26, Saturday",10730.23,354.44
"2020 Sep 27, Sunday",10792.18,358.1
"2020 Sep 28, Monday",10681.01,352.77
"2020 Sep 29, Tuesday",10845.9,360.03
"2020 Sep 30, Wednesday",10783.24,360.51
"2020 Oct 01, Thursday",10598.64,351.72
"2020 Oct 02, Friday",10577.92,345.78
"2020 Oct 03, Saturday",10545.21,345.8
"2020 Oct 04, Sunday",10662.36,352.37
"2020 Oct 05, Monday",10800.0,355.08
"2020 Oct 06, Tuesday",10594.15,340.58
"2020 Oct 07, Wednesday",10671.23,342.15
"2020 Oct 08, Thursday",10926.71,350.49
"2020 Oct 09, Friday",11059.3,365.23
"2020 Oct 10, Saturday",11303.56,370.87
"2020 Oct 11, Sunday",11370.45,373.92
"2020 Oct 12, Monday",11534.83,387.1
"2020 Oct 13, Tuesday",11434.36,381.34
"2020 Oct 14, Wednesday",11426.87,378.99
"2020 Oct 15, Thursday",11509.25,377.94
"2020 Oct 16, Friday",11329.33,365.74
"2020 Oct 17, Saturday",11365.96,368.15
"2020 Oct 18, Sunday",11516.56,378.43
"2020 Oct 19, Monday",11765.09,379.65
"2020 Oct 20, Tuesday",11917.34,368.81
"2020 Oct 21, Wednesday",12836.37,392.21
"2020 Oct 22, Thursday",12977.02,414.34
"2020 Oct 23, Friday",12943.03,409.85
"2020 Oct 24, Saturday",13120.87,412.18
"2020 Oct 25, Sunday",13050.32,406.59
"2020 Oct 26, Monday",13072.95,393.6
"2020 Oct 27, Tuesday",13698.18,404.55
"2020 Oct 28, Wednesday",13280.0,388.83
"2020 Oct 29, Thursday",13460.0,387.63
"2020 Oct 30, Friday",13582.97,382.66
"2020 Oct 31, Saturday",13745.02,385.74
"2020 Nov 01, Sunday",13784.52,397.32
"2020 Nov 02, Monday",13573.93,383.22
"2020 Nov 03, Tuesday",14050.59,388.63
"2020 Nov 04, Wednesday",14160.0,403.99
"2020 Nov 05, Thursday",15636.6,418.16
"2020 Nov 06, Friday",15596.33,456.15
"2020 Nov 07, Saturday",14814.62,435.0
"2020 Nov 08, Sunday",15487.88,454.61
"2020 Nov 09, Monday",15334.37,444.07
"2020 Nov 10, Tuesday",15325.25,451.22
"2020 Nov 11, Wednesday",15723.81,464.14
"2020 Nov 12, Thursday",16319.72,463.22
"2020 Nov 13, Friday",16339.59,478.0
"2020 Nov 14, Saturday",16093.3,460.87
"2020 Nov 15, Sunday",15946.64,447.73
"2020 Nov 16, Monday",16714.58,460.51
"2020 Nov 17, Tuesday",17660.9,482.53
"2020 Nov 18, Wednesday",17802.82,480.45
"2020 Nov 19, Thursday",17804.44,471.97
"2020 Nov 20, Friday",18702.87,510.7
"2020 Nov 21, Saturday",18710.14,553.53
"2020 Nov 22, Sunday",18477.48,563.56
"2020 Nov 23, Monday",18391.21,609.76
"2020 Nov 24, Tuesday",19185.07,605.66
"2020 Nov 25, Wednesday",18706.15,567.07
"2020 Nov 26, Thursday",17173.0,520.91
"2020 Nov 27, Friday",17156.99,519.86
"2020 Nov 28, Saturday",17718.3,537.74
"2020 Nov 29, Sunday",18238.52,579.64
"2020 Nov 30, Monday",19727.0,616.36
"2020 Dec 01, Tuesday",18763.35,585.07
"2020 Dec 02, Wednesday",19245.61,597.47
"2020 Dec 03, Thursday",19430.07,615.29
"2020 Dec 04, Friday",18692.32,568.64
"2020 Dec 05, Saturday",19156.82,598.96
"2020 Dec 06, Sunday",19397.08,602.58
"2020 Dec 07, Monday",19202.88,590.92
"2020 Dec 08, Tuesday",18311.76,554.79
"2020 Dec 09, Wednesday",18550.01,574.49
"2020 Dec 10, Thursday",18286.8,559.93
"2020 Dec 11, Friday",18048.14,544.55
"2020 Dec 12, Saturday",18826.36,568.5
"2020 Dec 13, Sunday",19133.04,589.53
"2020 Dec 14, Monday",19288.43,586.83
"2020 Dec 15, Tuesday",19451.34,589.23
"2020 Dec 16, Wednesday",21384.63,638.58
"2020 Dec 17, Thursday",22830.34,643.96
"2020 Dec 18, Friday",23169.26,655.27
"2020 Dec 19, Saturday",23814.91,658.35
"2020 Dec 20, Sunday",23451.68,637.29
"2020 Dec 21, Monday",22777.26,609.17
"2020 Dec 22, Tuesday",23839.99,638.18
"2020 Dec 23, Wednesday",23196.57,583.42
"2020 Dec 24, Thursday",23740.01,613.16
"2020 Dec 25, Friday",24736.42,627.64
"2020 Dec 26, Saturday",26519.1,638.39
"2020 Dec 27, Sunday",26320.06,688.68
"2020 Dec 28, Monday",27044.14,731.48
"2020 Dec 29, Tuesday",27407.85,734.81
"2020 Dec 30, Wednesday",28934.56,754.45
"2020 Dec 31, Thursday",29026.97,738.9
"2021 Jan 01, Friday",29391.09,731.0
"2021 Jan 02, Saturday",32244.73,775.62
"2021 Jan 03, Sunday",33134.1,986.49
"2021 Jan 04, Monday",32127.31,1050.0
"2021 Jan 05, Tuesday",34131.23,1111.0
"2021 Jan 06, Wednesday",36979.81,1219.0
"2021 Jan 07, Thursday",39573.39,1231.4
"2021 Jan 08, Friday",40666.72,1223.44
"2021 Jan 09, Saturday",40346.3,1287.91
"2021 Jan 10, Sunday",38242.02,1258.38
"2021 Jan 11, Monday",35474.31,1089.91
"2021 Jan 12, Tuesday",33968.43,1045.38
"2021 Jan 13, Wednesday",37520.66,1134.36
"2021 Jan 14, Thursday",39171.12,1235.68
"2021 Jan 15, Friday",36868.39,1173.82
"2021 Jan 16, Saturday",35869.47,1224.78
"2021 Jan 17, Sunday",35931.15,1236.89
"2021 Jan 18, Monday",36765.97,1266.85
"2021 Jan 19, Tuesday",35673.03,1358.33
"2021 Jan 20, Wednesday",35570.44,1383.19
"2021 Jan 21, Thursday",30647.26,1110.0
"2021 Jan 22, Friday",32885.51,1228.87
"2021 Jan 23, Saturday",32021.33,1233.49
"2021 Jan 24, Sunday",32250.01,1391.26
"2021 Jan 25, Monday",31979.0,1310.0
"2021 Jan 26, Tuesday",32579.82,1373.71
"2021 Jan 27, Wednesday",30552.06,1246.09
"2021 Jan 28, Thursday",33484.8,1332.34
"2021 Jan 29, Friday",34330.14,1383.59
"2021 Jan 30, Saturday",34229.25,1378.09
"2021 Jan 31, Sunday",33076.09,1309.43
"2021 Feb 01, Monday",33457.6,1376.22
"2021 Feb 02, Tuesday",35511.07,1517.58
"2021 Feb 03, Wednesday",37769.41,1673.0
"2021 Feb 04, Thursday",37070.87,1606.46
"2021 Feb 05, Friday",38376.86,1724.16
"2021 Feb 06, Saturday",38995.52,1678.22
"2021 Feb 07, Sunday",38888.74,1614.32
"2021 Feb 08, Monday",46674.44,1758.15
"2021 Feb 09, Tuesday",46595.44,1777.0
"2021 Feb 10, Wednesday",44887.29,1744.45
"2021 Feb 11, Thursday",48121.0,1791.03
"2021 Feb 12, Friday",47524.18,1851.51
"2021 Feb 13, Saturday",47274.23,1818.98
"2021 Feb 14, Sunday",48703.26,1804.5
"2021 Feb 15, Monday",47911.87,1783.72
"2021 Feb 16, Tuesday",49257.23,1785.58
"2021 Feb 17, Wednesday",52269.84,1854.43
"2021 Feb 18, Thursday",51644.16,1942.91
"2021 Feb 19, Friday",56029.51,1960.51
"2021 Feb 20, Saturday",55960.05,1914.61
"2021 Feb 21, Sunday",57538.47,1937.39
"2021 Feb 22, Monday",54130.33,1779.68
"2021 Feb 23, Tuesday",48972.11,1580.08
"2021 Feb 24, Wednesday",49789.99,1629.92
"2021 Feb 25, Thursday",46927.73,1483.45
"2021 Feb 26, Friday",46360.17,1446.19
"2021 Feb 27, Saturday",45973.56,1452.67
"2021 Feb 28, Sunday",45352.29,1427.57
"2021 Mar 01, Monday",49652.19,1572.9
"2021 Mar 02, Tuesday",48368.22,1485.04
"2021 Mar 03, Wednesday",50164.67,1563.62
"2021 Mar 04, Thursday",48327.39,1540.86
"2021 Mar 05, Friday",48908.09,1534.82
"2021 Mar 06, Saturday",48986.85,1654.99
"2021 Mar 07, Sunday",50858.34,1730.49
"2021 Mar 08, Monday",52472.59,1839.01
"2021 Mar 09, Tuesday",54999.99,1876.53
"2021 Mar 10, Wednesday",56046.27,1795.8
"2021 Mar 11, Thursday",57911.02,1831.75
"2021 Mar 12, Friday",57174.89,1765.73
"2021 Mar 13, Saturday",61130.22,1918.57
"2021 Mar 14, Sunday",59192.98,1855.27
"2021 Mar 15, Monday",55430.19,1791.69
"2021 Mar 16, Tuesday",57126.52,1812.0
"2021 Mar 17, Wednesday",59221.23,1829.11
"2021 Mar 18, Thursday",57562.46,1774.05
"2021 Mar 19, Friday",58001.29,1808.86
"2021 Mar 20, Saturday",58051.01,1801.16
"2021 Mar 21, Sunday",57402.03,1786.96
"2021 Mar 22, Monday",54230.21,1683.33
"2021 Mar 23, Tuesday",54268.81,1665.5
"2021 Mar 24, Wednesday",52294.65,1580.49
"2021 Mar 25, Thursday",51386.2,1590.44
"2021 Mar 26, Friday",55314.11,1708.04
"2021 Mar 27, Saturday",55932.18,1716.62
"2021 Mar 28, Sunday",55821.59,1686.06
"2021 Mar 29, Monday",57630.72,1822.18
"2021 Mar 30, Tuesday",58800.0,1843.23
"2021 Mar 31, Wednesday",58837.71,1931.27
"2021 Apr 01, Thursday",58768.84,1967.8
"2021 Apr 02, Friday",59019.55,2136.43
"2021 Apr 03, Saturday",56731.0,2001.48
"2021 Apr 04, Sunday",58266.39,2078.46
"2021 Apr 05, Monday",59200.0,2114.0
"2021 Apr 06, Tuesday",58018.31,2114.08
"2021 Apr 07, Wednesday",55962.11,1967.5
"2021 Apr 08, Thursday",58108.65,2078.71
"2021 Apr 09, Friday",58126.14,2066.74
"2021 Apr 10, Saturday",60039.35,2141.08
"2021 Apr 11, Sunday",60133.37,2155.59
"2021 Apr 12, Monday",59903.04,2143.02
"2021 Apr 13, Tuesday",63660.94,2302.16
"2021 Apr 14, Wednesday",63283.43,2441.82
"2021 Apr 15, Thursday",63346.93,2523.57
"2021 Apr 16, Friday",61486.08,2435.91
"2021 Apr 17, Saturday",60199.33,2326.18
"2021 Apr 18, Sunday",56351.2,2250.23
"2021 Apr 19, Monday",55797.39,2174.98
"2021 Apr 20, Tuesday",56514.9,2340.3
"2021 Apr 21, Wednesday",53919.48,2366.63
"2021 Apr 22, Thursday",51653.27,2400.67
"2021 Apr 23, Friday",51231.69,2369.2
"2021 Apr 24, Saturday",50167.5,2223.06
"2021 Apr 25, Sunday",49272.06,2325.68
"2021 Apr 26, Monday",53969.71,2534.84
"2021 Apr 27, Tuesday",55120.81,2671.82
"2021 Apr 28, Wednesday",54964.11,2750.99
"2021 Apr 29, Thursday",53562.87,2759.45
"2021 Apr 30, Friday",57640.17,2774.28
"2021 May 01, Saturday",57868.94,2949.25
"2021 May 02, Sunday",56631.64,2954.69
"2021 May 03, Monday",57213.29,3443.2
"2021 May 04, Tuesday",53128.68,3234.14
"2021 May 05, Wednesday",57518.01,3530.78
"2021 May 06, Thursday",56485.77,3498.91
"2021 May 07, Friday",57373.88,3484.32
"2021 May 08, Saturday",59045.17,3914.68
"2021 May 09, Sunday",58410.34,3927.47
"2021 May 10, Monday",55936.77,3946.96
"2021 May 11, Tuesday",56719.0,4172.5
"2021 May 12, Wednesday",49095.57,3800.24
"2021 May 13, Thursday",49635.45,3708.95
"2021 May 14, Friday",49923.92,4075.0
"2021 May 15, Saturday",46984.74,3661.78
"2021 May 16, Sunday",46523.31,3585.0
"2021 May 17, Monday",43768.74,3303.64
"2021 May 18, Tuesday",42989.8,3384.53
"2021 May 19, Wednesday",37236.61,2498.21
"2021 May 20, Thursday",40749.78,2781.18
"2021 May 21, Friday",37425.0,2441.27
"2021 May 22, Saturday",37383.34,2289.32
"2021 May 23, Sunday",34927.4,2115.75
"2021 May 24, Monday",38725.06,2635.6
"2021 May 25, Tuesday",38370.0,2719.56
"2021 May 26, Wednesday",39213.41,2883.3
"2021 May 27, Thursday",38368.17,2736.07
"2021 May 28, Friday",35770.0,2408.55
"2021 May 29, Saturday",34621.64,2284.03
"2021 May 30, Sunday",35545.27,2373.63
"2021 May 31, Monday",37153.71,2693.13
"2021 Jun 01, Tuesday",36764.58,2642.8
"2021 Jun 02, Wednesday",37501.36,2697.54
"2021 Jun 03, Thursday",39215.09,2852.47
"2021 Jun 04, Friday",36895.48,2700.28
"2021 Jun 05, Saturday",35565.0,2632.46
"2021 Jun 06, Sunday",35873.42,2718.68
"2021 Jun 07, Monday",33816.09,2607.99
"2021 Jun 08, Tuesday",33432.26,2517.31
"2021 Jun 09, Wednesday",37357.02,2605.45
"2021 Jun 10, Thursday",36717.51,2471.75
"2021 Jun 11, Friday",37282.15,2352.62
"2021 Jun 12, Saturday",35609.66,2375.04
"2021 Jun 13, Sunday",39122.03,2515.99
"2021 Jun 14, Monday",40496.92,2583.31
"2021 Jun 15, Tuesday",40093.93,2540.95
"2021 Jun 16, Wednesday",38394.4,2371.48
"2021 Jun 17, Thursday",38027.63,2369.15
"2021 Jun 18, Friday",35777.39,2232.12
"2021 Jun 19, Saturday",35498.24,2165.28
"2021 Jun 20, Sunday",35565.82,2252.06
"2021 Jun 21, Monday",31686.69,1893.57
"2021 Jun 22, Tuesday",32508.26,1880.01
"2021 Jun 23, Wednesday",33688.35,1967.68
"2021 Jun 24, Thursday",34695.34,1992.53
"2021 Jun 25, Friday",31704.87,1816.76
"2021 Jun 26, Saturday",32265.95,1827.9
"2021 Jun 27, Sunday",34596.99,1972.13
"2021 Jun 28, Monday",34541.8,2086.88
"2021 Jun 29, Tuesday",35928.75,2166.79
"2021 Jun 30, Wednesday",34995.83,2271.51
"2021 Jul 01, Thursday",33538.49,2109.49
"2021 Jul 02, Friday",33832.49,2159.59
"2021 Jul 03, Saturday",34633.93,2225.09
"2021 Jul 04, Sunday",35126.9,2317.36
"2021 Jul 05, Monday",33673.22,2196.72
"2021 Jul 06, Tuesday",34193.9,2318.88
"2021 Jul 07, Wednesday",33791.0,2312.0
"2021 Jul 08, Thursday",32878.23,2120.0
"2021 Jul 09, Friday",33766.87,2144.22
"2021 Jul 10, Saturday",33547.19,2115.97
"2021 Jul 11, Sunday",34236.21,2139.11
"2021 Jul 12, Monday",33096.86,2031.89
"2021 Jul 13, Tuesday",32768.54,1942.31
"2021 Jul 14, Wednesday",32817.18,1994.55
"2021 Jul 15, Thursday",31891.09,1922.22
"2021 Jul 16, Friday",31408.78,1877.15
"2021 Jul 17, Saturday",31503.78,1897.62
"2021 Jul 18, Sunday",31753.02,1888.6
"2021 Jul 19, Monday",30849.9,1819.01
"2021 Jul 20, Tuesday",29788.61,1787.57
"2021 Jul 21, Wednesday",32086.04,1993.44
"2021 Jul 22, Thursday",32327.95,2027.56
"2021 Jul 23, Friday",33700.0,2125.21
"2021 Jul 24, Saturday",34275.43,2186.55
"2021 Jul 25, Sunday",35368.57,2185.75
"2021 Jul 26, Monday",37269.12,2230.62
"2021 Jul 27, Tuesday",39381.82,2295.42
"2021 Jul 28, Wednesday",40031.56,2300.69
"2021 Jul 29, Thursday",40024.94,2386.87
"2021 Jul 30, Friday",42188.95,2455.93
"2021 Jul 31, Saturday",41472.42,2533.76
"2021 Aug 01, Sunday",39816.76,2549.86
"2021 Aug 02, Monday",39146.69,2604.15
"2021 Aug 03, Tuesday",38207.27,2512.23
"2021 Aug 04, Wednesday",39730.0,2727.9
"2021 Aug 05, Thursday",40893.75,2828.09
"2021 Aug 06, Friday",42827.76,2887.26
"2021 Aug 07, Saturday",44488.87,3151.21
"2021 Aug 08, Sunday",43933.26,3019.56
"2021 Aug 09, Monday",46208.5,3157.59
"2021 Aug 10, Tuesday",45565.76,3142.57
"2021 Aug 11, Wednesday",45482.95,3154.69
"2021 Aug 12, Thursday",44454.37,3048.33
"2021 Aug 13, Friday",47765.41,3319.61
"2021 Aug 14, Saturday",47134.61,3267.55
"2021 Aug 15, Sunday",47090.0,3317.24
"2021 Aug 16, Monday",45930.71,3146.98
"2021 Aug 17, Tuesday",44718.51,3017.66
"2021 Aug 18, Wednesday",44735.2,3019.48
"2021 Aug 19, Thursday",46736.74,3184.22
"2021 Aug 20, Friday",49350.99,3282.72
"2021 Aug 21, Saturday",48896.95,3228.1
"2021 Aug 22, Sunday",49328.47,3243.0
"2021 Aug 23, Monday",49464.66,3325.85
"2021 Aug 24, Tuesday",47770.4,3178.5
"2021 Aug 25, Wednesday",48985.05,3227.18
"2021 Aug 26, Thursday",46770.6,3083.02
"2021 Aug 27, Friday",49082.04,3275.77
"2021 Aug 28, Saturday",48963.41,3248.86
"2021 Aug 29, Sunday",48770.78,3226.57
"2021 Aug 30, Monday",46924.16,3222.83
"2021 Aug 31, Tuesday",47065.73,3418.48
"2021 Sep 01, Wednesday",48889.19,3825.37
"2021 Sep 02, Thursday",49273.33,3791.12
"2021 Sep 03, Friday",49919.31,3934.62
"2021 Sep 04, Saturday",49949.07,3888.44
"2021 Sep 05, Sunday",51782.76,3949.59
"2021 Sep 06, Monday",52691.2,3927.68
"2021 Sep 07, Tuesday",46943.82,3447.17
"2021 Sep 08, Wednesday",46022.48,3497.79
"2021 Sep 09, Thursday",46414.58,3426.51
"2021 Sep 10, Friday",44897.75,3213.69
"2021 Sep 11, Saturday",45127.48,3261.38
"2021 Sep 12, Sunday",46010.13,3400.11
"2021 Sep 13, Monday",44969.02,3285.98
"2021 Sep 14, Tuesday",47096.48,3438.91
"2021 Sep 15, Wednesday",48106.71,3614.91
"2021 Sep 16, Thursday",47772.7,3569.98
"2021 Sep 17, Friday",47337.8,3401.91
"2021 Sep 18, Saturday",48300.04,3433.84
"2021 Sep 19, Sunday",47270.75,3335.35
"2021 Sep 20, Monday",42991.14,2972.12
"2021 Sep 21, Tuesday",40656.13,2760.37
"2021 Sep 22, Wednesday",43544.09,3074.42
"2021 Sep 23, Thursday",44892.71,3154.94
"2021 Sep 24, Friday",42816.65,2928.07
"2021 Sep 25, Saturday",42682.26,2921.68
"2021 Sep 26, Sunday",43142.04,3057.84
"2021 Sep 27, Monday",42214.52,2924.28
"2021 Sep 28, Tuesday",41006.19,2807.41
"2021 Sep 29, Wednesday",41522.49,2848.92
"2021 Sep 30, Thursday",43834.03,2999.89
"2021 Oct 01, Friday",48145.34,3311.46
"2021 Oct 02, Saturday",47692.85,3395.27
"2021 Oct 03, Sunday",48179.83,3416.92
"2021 Oct 04, Monday",49248.68,3385.32
"2021 Oct 05, Tuesday",51441.74,3515.66
"2021 Oct 06, Wednesday",55278.64,3573.84
"2021 Oct 07, Thursday",53844.74,3591.7
"2021 Oct 08, Friday",53983.21,3563.27
"2021 Oct 09, Saturday",54951.3,3571.7
"2021 Oct 10, Sunday",54655.3,3414.0
"2021 Oct 11, Monday",57440.05,3540.34
"2021 Oct 12, Tuesday",56019.29,3490.47
"2021 Oct 13, Wednesday",57372.59,3610.86
"2021 Oct 14, Thursday",57327.09,3792.2
"2021 Oct 15, Friday",61682.48,3868.72
"2021 Oct 16, Saturday",60880.85,3825.32
"2021 Oct 17, Sunday",61541.01,3854.37
"2021 Oct 18, Monday",62036.95,3748.31
"2021 Oct 19, Tuesday",64353.53,3887.87
"2021 Oct 20, Wednesday",66005.17,4161.88
"2021 Oct 21, Thursday",62152.09,4054.46
"2021 Oct 22, Friday",60671.75,3971.27
"2021 Oct 23, Saturday",61308.09,4172.78
"2021 Oct 24, Sunday",60889.41,4089.07
"2021 Oct 25, Monday",63102.83,4223.76
"2021 Oct 26, Tuesday",60341.21,4132.98
"2021 Oct 27, Wednesday",58517.61,3932.68
"2021 Oct 28, Thursday",60577.62,4289.52
"2021 Oct 29, Friday",62316.4,4426.66
"2021 Oct 30, Saturday",62062.88,4328.81
"2021 Oct 31, Sunday",61333.45,4293.97
"2021 Nov 01, Monday",60950.0,4324.21
"2021 Nov 02, Tuesday",63357.2,4598.0
"2021 Nov 03, Wednesday",62944.4,4605.6
"2021 Nov 04, Thursday",61499.24,4538.27
"2021 Nov 05, Friday",61000.01,4475.88
"2021 Nov 06, Saturday",61539.3,4520.32
"2021 Nov 07, Sunday",63433.66,4620.81
"2021 Nov 08, Monday",67510.06,4805.95
"2021 Nov 09, Tuesday",66967.98,4734.07
"2021 Nov 10, Wednesday",64896.86,4627.14
"2021 Nov 11, Thursday",64793.69,4720.32
"2021 Nov 12, Friday",64158.51,4668.34
"2021 Nov 13, Saturday",64482.54,4640.01
"2021 Nov 14, Sunday",65714.05,4633.47
"2021 Nov 15, Monday",63441.68,4555.68
"2021 Nov 16, Tuesday",60147.32,4214.97
"2021 Nov 17, Wednesday",60314.28,4289.42
"2021 Nov 18, Thursday",57017.38,4009.87
"2021 Nov 19, Friday",58187.85,4303.6
"2021 Nov 20, Saturday",59771.71,4416.39
"2021 Nov 21, Sunday",58742.9,4265.87
"2021 Nov 22, Monday",56254.57,4082.89
"2021 Nov 23, Tuesday",57599.99,4342.22
"2021 Nov 24, Wednesday",57255.24,4274.4
"2021 Nov 25, Thursday",59022.44,4533.83
"2021 Nov 26, Friday",53839.39,4053.42
"2021 Nov 27, Saturday",54665.93,4090.52
"2021 Nov 28, Sunday",57471.87,4306.5
"2021 Nov 29, Monday",57828.33,4449.06
"2021 Nov 30, Tuesday",56879.47,4622.21
"2021 Dec 01, Wednesday",57228.47,4589.23
"2021 Dec 02, Thursday",56566.29,4518.77
"2021 Dec 03, Friday",53681.96,4209.81
"2021 Dec 04, Saturday",49335.0,4131.71
"2021 Dec 05, Sunday",49511.76,4209.15
"2021 Dec 06, Monday",50588.91,4360.9
"2021 Dec 07, Tuesday",50676.09,4317.13
"2021 Dec 08, Wednesday",50531.51,4443.0
"2021 Dec 09, Thursday",47639.07,4120.72
"2021 Dec 10, Friday",47268.48,3906.03
"2021 Dec 11, Saturday",49432.46,4088.79
"2021 Dec 12, Sunday",50065.39,4129.63
"2021 Dec 13, Monday",46639.86,3778.54
"2021 Dec 14, Tuesday",48343.16,3858.81
"2021 Dec 15, Wednesday",48885.97,4027.77
"2021 Dec 16, Thursday",47605.48,3957.69
"2021 Dec 17, Friday",46240.15,3884.87
"2021 Dec 18, Saturday",46813.13,3957.2
"2021 Dec 19, Sunday",46683.77,3929.81
"2021 Dec 20, Monday",46963.71,3960.9
"2021 Dec 21, Tuesday",48954.47,4021.41
"2021 Dec 22, Wednesday",48646.94,3986.37
"2021 Dec 23, Thursday",50840.46,4114.83
"2021 Dec 24, Friday",50815.7,4045.15
"2021 Dec 25, Saturday",50395.07,4093.56
"2021 Dec 26, Sunday",50841.73,4069.53
"2021 Dec 27, Monday",50663.26,4031.49
"2021 Dec 28, Tuesday",47594.55,3797.94
"2021 Dec 29, Wednesday",46518.8,3636.97
"2021 Dec 30, Thursday",47097.85,3706.97
"2021 Dec 31, Friday",46244.63,3683.47
"2022 Jan 01, Saturday",47748.83,3767.3
"2022 Jan 02, Sunday",47258.52,3825.69
"2022 Jan 03, Monday",46519.76,3772.86
"2022 Jan 04, Tuesday",45889.4,3787.96
"2022 Jan 05, Wednesday",43422.85,3535.85
"2022 Jan 06, Thursday",43133.33,3414.52
"2022 Jan 07, Friday",41656.16,3205.81
"2022 Jan 08, Saturday",41667.48,3078.22
"2022 Jan 09, Sunday",41838.78,3147.7
"2022 Jan 10, Monday",41872.47,3086.95
"2022 Jan 11, Tuesday",42771.24,3245.06
"2022 Jan 12, Wednesday",43884.25,3371.01
"2022 Jan 13, Thursday",42617.64,3243.46
"2022 Jan 14, Friday",43158.68,3318.23
"2022 Jan 15, Saturday",43082.34,3326.77
"2022 Jan 16, Sunday",43137.67,3353.92
"2022 Jan 17, Monday",42285.47,3214.95
"2022 Jan 18, Tuesday",42411.61,3167.32
"2022 Jan 19, Wednesday",41723.49,3092.91
"2022 Jan 20, Thursday",40696.22,3003.69
"2022 Jan 21, Friday",36513.29,2579.94
"2022 Jan 22, Saturday",35108.16,2410.82
"2022 Jan 23, Sunday",36233.04,2536.65
"2022 Jan 24, Monday",36643.49,2438.98
"2022 Jan 25, Tuesday",36976.64,2457.06
"2022 Jan 26, Wednesday",36838.9,2460.65
"2022 Jan 27, Thursday",37139.68,2423.04
"2022 Jan 28, Friday",37677.8,2544.13
"2022 Jan 29, Saturday",38166.62,2601.49
"2022 Jan 30, Sunday",37918.6,2604.74
"2022 Jan 31, Monday",38430.3,2685.4
"2022 Feb 01, Tuesday",38745.11,2791.84
"2022 Feb 02, Wednesday",36905.98,2682.79
"2022 Feb 03, Thursday",37238.31,2692.02
"2022 Feb 04, Friday",41545.39,2991.52
"2022 Feb 05, Saturday",41447.5,3020.24
"2022 Feb 06, Sunday",42496.61,3063.94
"2022 Feb 07, Monday",43897.96,3147.36
"2022 Feb 08, Tuesday",44147.59,3123.68
"2022 Feb 09, Wednesday",44402.94,3248.4
"2022 Feb 10, Thursday",43477.29,3070.27
"2022 Feb 11, Friday",42391.54,2923.61
"2022 Feb 12, Saturday",42217.48,2916.95
"2022 Feb 13, Sunday",42097.33,2878.58
"2022 Feb 14, Monday",42572.56,2932.01
"2022 Feb 15, Tuesday",44469.73,3179.37
"2022 Feb 16, Wednesday",43897.22,3126.97
"2022 Feb 17, Thursday",40553.82,2897.94
"2022 Feb 18, Friday",39993.11,2779.72
"2022 Feb 19, Saturday",40089.18,2761.28
"2022 Feb 20, Sunday",38426.4,2624.57
"2022 Feb 21, Monday",37075.4,2576.05
"2022 Feb 22, Tuesday",38261.46,2639.6
"2022 Feb 23, Wednesday",37225.0,2575.19
"2022 Feb 24, Thursday",38367.61,2601.52
"2022 Feb 25, Friday",39212.8,2769.95
"2022 Feb 26, Saturday",39138.21,2782.71
"2022 Feb 27, Sunday",37700.0,2615.92
"2022 Feb 28, Monday",43206.02,2922.52
"2022 Mar 01, Tuesday",44412.2,2973.53
"2022 Mar 02, Wednesday",43862.75,2943.2
"2022 Mar 03, Thursday",42432.0,2830.06
"2022 Mar 04, Friday",39205.77,2623.22
"2022 Mar 05, Saturday",39390.89,2664.23
"2022 Mar 06, Sunday",38432.11,2552.95
"2022 Mar 07, Monday",38004.69,2492.39
"2022 Mar 08, Tuesday",38724.21,2575.93
"2022 Mar 09, Wednesday",41985.86,2729.78
"2022 Mar 10, Thursday",39454.87,2610.77
"2022 Mar 11, Friday",38670.76,2553.78
"2022 Mar 12, Saturday",38767.98,2566.82
"2022 Mar 13, Sunday",37780.14,2514.32
"2022 Mar 14, Monday",39644.88,2590.58
"2022 Mar 15, Tuesday",39361.36,2623.84
"2022 Mar 16, Wednesday",41109.85,2773.76
"2022 Mar 17, Thursday",40964.07,2815.39
"2022 Mar 18, Friday",41806.03,2939.44
"2022 Mar 19, Saturday",42219.55,2951.22
"2022 Mar 20, Sunday",41271.13,2861.42
"2022 Mar 21, Monday",41009.98,2891.29
"2022 Mar 22, Tuesday",42359.88,2968.32
"2022 Mar 23, Wednesday",42940.28,3039.17
"2022 Mar 24, Thursday",43979.48,3108.99
"2022 Mar 25, Friday",44355.11,3105.64
"2022 Mar 26, Saturday",44548.42,3148.53
"2022 Mar 27, Sunday",46819.78,3290.57
"2022 Mar 28, Monday",47191.31,3339.94
"2022 Mar 29, Tuesday",47430.74,3400.05
"2022 Mar 30, Wednesday",47022.82,3380.97
"2022 Mar 31, Thursday",45475.83,3281.25
"2022 Apr 01, Friday",46222.43,3450.72
"2022 Apr 02, Saturday",45871.46,3449.8
"2022 Apr 03, Sunday",46358.05,3520.05
"2022 Apr 04, Monday",46568.89,3517.62
"2022 Apr 05, Tuesday",45449.25,3399.15
"2022 Apr 06, Wednesday",43206.04,3172.23
"2022 Apr 07, Thursday",43432.08,3227.08
"2022 Apr 08, Friday",42281.5,3195.3
"2022 Apr 09, Saturday",42773.37,3262.31
"2022 Apr 10, Sunday",42177.2,3204.92
"2022 Apr 11, Monday",39615.2,2985.91
"2022 Apr 12, Tuesday",40105.2,3030.79
"2022 Apr 13, Wednesday",41101.04,3117.13
"2022 Apr 14, Thursday",39910.05,3018.44
"2022 Apr 15, Friday",40566.6,3043.3
"2022 Apr 16, Saturday",40378.25,3059.46
"2022 Apr 17, Sunday",39670.73,2987.16
"2022 Apr 18, Monday",40817.48,3057.72
"2022 Apr 19, Tuesday",41480.25,3098.58
"2022 Apr 20, Wednesday",41350.25,3075.06
"2022 Apr 21, Thursday",40464.52,2984.26
"2022 Apr 22, Friday",39708.2,2960.49
"2022 Apr 23, Saturday",39468.1,2932.77
"2022 Apr 24, Sunday",39489.71,2925.7
"2022 Apr 25, Monday",40490.41,3010.19
"2022 Apr 26, Tuesday",38102.78,2810.32
"2022 Apr 27, Wednesday",39188.42,2883.7
"2022 Apr 28, Thursday",39737.71,2936.87
"2022 Apr 29, Friday",38597.17,2817.14
"2022 Apr 30, Saturday",37658.53,2728.16
"2022 May 01, Sunday",38496.42,2828.17
"2022 May 02, Monday",38488.36,2854.79
"2022 May 03, Tuesday",37708.41,2779.99
"2022 May 04, Wednesday",39671.83,2939.84
"2022 May 05, Thursday",36516.79,2745.11
"2022 May 06, Friday",36013.22,2694.25
"2022 May 07, Saturday",35445.54,2636.53
"2022 May 08, Sunday",34089.76,2522.93
"2022 May 09, Monday",30176.73,2236.68
"2022 May 10, Tuesday",30961.83,2339.47
"2022 May 11, Wednesday",29027.82,2079.77
"2022 May 12, Thursday",28959.93,1961.1
"2022 May 13, Friday",29292.4,2011.55
"2022 May 14, Saturday",30012.62,2053.09
"2022 May 15, Sunday",31258.75,2138.05
"2022 May 16, Monday",29854.67,2021.08
"2022 May 17, Tuesday",30391.04,2087.26
"2022 May 18, Wednesday",28762.93,1919.15
"2022 May 19, Thursday",30258.84,2017.92
"2022 May 20, Friday",29138.15,1955.22
"2022 May 21, Saturday",29426.6,1974.19
"2022 May 22, Sunday",30221.12,2037.42
"2022 May 23, Monday",29095.68,1972.79
"2022 May 24, Tuesday",29605.66,1975.86
"2022 May 25, Wednesday",29487.83,1940.21
"2022 May 26, Thursday",29160.96,1790.82
"2022 May 27, Friday",28608.55,1726.53
"2022 May 28, Saturday",28974.3,1790.18
"2022 May 29, Sunday",29441.17,1810.0
"2022 May 30, Monday",31691.54,1995.37
"2022 May 31, Tuesday",31804.27,1941.45
"2022 Jun 01, Wednesday",29779.16,1815.98
"2022 Jun 02, Thursday",30428.98,1832.03
"2022 Jun 03, Friday",29684.67,1775.49
"2022 Jun 04, Saturday",29832.02,1803.95
"2022 Jun 05, Sunday",29893.98,1805.59
"2022 Jun 06, Monday",31324.88,1856.85
"2022 Jun 07, Tuesday",31073.76,1810.96
"2022 Jun 08, Wednesday",30195.33,1792.86
"2022 Jun 09, Thursday",30070.71,1786.12
"2022 Jun 10, Friday",29061.88,1660.5
"2022 Jun 11, Saturday",28381.45,1529.35
"2022 Jun 12, Sunday",26633.35,1439.38
"2022 Jun 13, Monday",22333.0,1202.01
"2022 Jun 14, Tuesday",22122.57,1208.25
"2022 Jun 15, Wednesday",22544.07,1236.47
"2022 Jun 16, Thursday",20336.62,1064.91
"2022 Jun 17, Friday",20421.22,1082.01
"2022 Jun 18, Saturday",18989.21,996.44
"2022 Jun 19, Sunday",20520.28,1126.05
"2022 Jun 20, Monday",20534.33,1125.59
"2022 Jun 21, Tuesday",20675.12,1123.72
"2022 Jun 22, Wednesday",19997.23,1050.99
"2022 Jun 23, Thursday",21121.55,1145.77
"2022 Jun 24, Friday",21206.32,1222.92
"2022 Jun 25, Saturday",21474.76,1240.99
"2022 Jun 26, Sunday",21025.22,1196.82
"2022 Jun 27, Monday",20718.74,1190.69
"2022 Jun 28, Tuesday",20251.34,1142.71
"2022 Jun 29, Wednesday",20094.43,1098.29
"2022 Jun 30, Thursday",19837.58,1065.24
"2022 Jul 01, Friday",19270.3,1059.5
"2022 Jul 02, Saturday",19210.52,1065.0
"2022 Jul 03, Sunday",19283.07,1072.36
"2022 Jul 04, Monday",20205.89,1150.18
"2022 Jul 05, Tuesday",20171.1,1132.35
"2022 Jul 06, Wednesday",20556.8,1187.07
"2022 Jul 07, Thursday",21657.39,1238.93
"2022 Jul 08, Friday",21582.54,1212.87
"2022 Jul 09, Saturday",21573.37,1216.39
"2022 Jul 10, Sunday",20806.95,1166.05
"2022 Jul 11, Monday",19942.91,1095.16
"2022 Jul 12, Tuesday",19302.71,1038.29
"2022 Jul 13, Wednesday",20206.62,1112.89
"2022 Jul 14, Thursday",20583.48,1192.69
"2022 Jul 15, Friday",20838.39,1231.64
"2022 Jul 16, Saturday",21195.28,1356.78
"2022 Jul 17, Sunday",20762.12,1336.7
"2022 Jul 18, Monday",22368.75,1574.77
"2022 Jul 19, Tuesday",23410.92,1544.26
"2022 Jul 20, Wednesday",23237.11,1522.13
"2022 Jul 21, Thursday",23140.92,1574.49
"2022 Jul 22, Friday",22706.35,1536.93
"2022 Jul 23, Saturday",22457.13,1550.32
"2022 Jul 24, Sunday",22592.39,1599.96
"2022 Jul 25, Monday",21248.31,1436.4
"2022 Jul 26, Tuesday",21277.3,1454.91
"2022 Jul 27, Wednesday",22986.74,1637.18
"2022 Jul 28, Thursday",23875.62,1727.16
"2022 Jul 29, Friday",23817.5,1726.67
"2022 Jul 30, Saturday",23643.31,1697.81
"2022 Jul 31, Sunday",23296.14,1676.93
"2022 Aug 01, Monday",23250.19,1629.76
"2022 Aug 02, Tuesday",23005.22,1633.14
"2022 Aug 03, Wednesday",22820.48,1618.2
"2022 Aug 04, Thursday",22604.63,1607.87
"2022 Aug 05, Friday",23285.14,1734.8
"2022 Aug 06, Saturday",22960.16,1691.2
"2022 Aug 07, Sunday",23187.41,1700.46
"2022 Aug 08, Monday",23824.9,1778.85
"2022 Aug 09, Tuesday",23138.91,1701.56
"2022 Aug 10, Wednesday",23982.75,1854.17
"2022 Aug 11, Thursday",23956.28,1882.45
"2022 Aug 12, Friday",24398.29,1957.98
"2022 Aug 13, Saturday",24447.08,1982.92
"2022 Aug 14, Sunday",24301.71,1935.3
"2022 Aug 15, Monday",24092.27,1897.46
"2022 Aug 16, Tuesday",23861.8,1878.12
"2022 Aug 17, Wednesday",23357.89,1835.35
"2022 Aug 18, Thursday",23175.9,1844.48
"2022 Aug 19, Friday",20850.04,1610.61
"2022 Aug 20, Saturday",21151.45,1577.16
"2022 Aug 21, Sunday",21513.86,1618.7
"2022 Aug 22, Monday",21403.82,1624.45
"2022 Aug 23, Tuesday",21529.34,1666.04
"2022 Aug 24, Wednesday",21358.67,1656.07
"2022 Aug 25, Thursday",21518.35,1692.56
"2022 Aug 26, Friday",20230.18,1505.42
"2022 Aug 27, Saturday",20018.43,1490.52
"2022 Aug 28, Sunday",19582.83,1429.34
"2022 Aug 29, Monday",20291.07,1551.92
"2022 Aug 30, Tuesday",19835.7,1527.89
"2022 Aug 31, Wednesday",20025.48,1552.8
"2022 Sep 01, Thursday",20112.51,1583.83
"2022 Sep 02, Friday",19946.87,1573.69
"2022 Sep 03, Saturday",19840.11,1556.86
"2022 Sep 04, Sunday",20006.54,1579.69
"2022 Sep 05, Monday",19807.74,1619.47
"2022 Sep 06, Tuesday",18777.0,1557.52
"2022 Sep 07, Wednesday",19286.23,1630.67
"2022 Sep 08, Thursday",19320.01,1633.78
"2022 Sep 09, Friday",21355.55,1717.27
"2022 Sep 10, Saturday",21660.39,1777.06
"2022 Sep 11, Sunday",21818.08,1763.22
"2022 Sep 12, Monday",22412.6,1717.77
"2022 Sep 13, Tuesday",20164.09,1573.07
"2022 Sep 14, Wednesday",20216.63,1632.21
"2022 Sep 15, Thursday",19690.75,1472.63
"2022 Sep 16, Friday",19784.17,1431.89
"2022 Sep 17, Saturday",20117.18,1468.55
"2022 Sep 18, Sunday",19425.05,1335.14
"2022 Sep 19, Monday",19553.1,1378.58
"2022 Sep 20, Tuesday",18869.22,1321.44
"2022 Sep 21, Wednesday",18488.54,1248.59
"2022 Sep 22, Thursday",19402.35,1326.17
"2022 Sep 23, Friday",19304.43,1328.44
"2022 Sep 24, Saturday",18944.06,1318.87
"2022 Sep 25, Sunday",18788.61,1293.64
"2022 Sep 26, Monday",19224.81,1336.26
"2022 Sep 27, Tuesday",19072.97,1329.78
"2022 Sep 28, Wednesday",19407.62,1337.53
"2022 Sep 29, Thursday",19610.61,1336.26
"2022 Sep 30, Friday",19415.8,1328.1
"2022 Oct 01, Saturday",19308.76,1310.97
"2022 Oct 02, Sunday",19072.29,1277.03
"2022 Oct 03, Monday",19640.84,1323.81
"2022 Oct 04, Tuesday",20344.37,1362.86
"2022 Oct 05, Wednesday",20152.33,1351.97
"2022 Oct 06, Thursday",19962.19,1351.95
"2022 Oct 07, Friday",19524.22,1330.73
"2022 Oct 08, Saturday",19409.72,1314.59
"2022 Oct 09, Sunday",19437.02,1323.12
"2022 Oct 10, Monday",19104.67,1286.98
"2022 Oct 11, Tuesday",19069.69,1280.22
"2022 Oct 12, Wednesday",19157.32,1294.31
"2022 Oct 13, Thursday",19382.53,1287.05
"2022 Oct 14, Friday",19187.64,1297.11
"2022 Oct 15, Saturday",19074.41,1274.9
"2022 Oct 16, Sunday",19270.79,1306.57
"2022 Oct 17, Monday",19565.96,1333.22
"2022 Oct 18, Tuesday",19334.77,1312.02
"2022 Oct 19, Wednesday",19122.17,1284.58
"2022 Oct 20, Thursday",19046.77,1282.01
"2022 Oct 21, Friday",19172.57,1300.6
"2022 Oct 22, Saturday",19210.62,1314.51
"2022 Oct 23, Sunday",19563.5,1364.02
"2022 Oct 24, Monday",19332.45,1344.8
"2022 Oct 25, Tuesday",20113.74,1462.66
"2022 Oct 26, Wednesday",20760.56,1565.42
"2022 Oct 27, Thursday",20287.17,1512.61
"2022 Oct 28, Friday",20594.01,1554.4
"2022 Oct 29, Saturday",20831.19,1621.33
"2022 Oct 30, Sunday",20634.95,1590.88
"2022 Oct 31, Monday",20472.79,1571.04
"2022 Nov 01, Tuesday",20479.49,1578.66
"2022 Nov 02, Wednesday",20148.56,1518.6
"2022 Nov 03, Thursday",20205.32,1530.84
"2022 Nov 04, Friday",21157.96,1645.19
"2022 Nov 05, Saturday",21304.72,1626.0
"2022 Nov 06, Sunday",20912.34,1569.22
"2022 Nov 07, Monday",20578.77,1567.14
"2022 Nov 08, Tuesday",18561.6,1335.62
"2022 Nov 09, Wednesday",15850.62,1096.07
"2022 Nov 10, Thursday",17573.15,1295.67
"2022 Nov 11, Friday",16997.14,1283.33
"2022 Nov 12, Saturday",16777.73,1254.84
"2022 Nov 13, Sunday",16290.62,1218.95
"2022 Nov 14, Monday",16576.49,1240.85
"2022 Nov 15, Tuesday",16869.14,1250.85
"2022 Nov 16, Wednesday",16660.48,1216.25
"2022 Nov 17, Thursday",16677.36,1198.76
"2022 Nov 18, Friday",16673.07,1210.85
"2022 Nov 19, Saturday",16667.74,1215.85
"2022 Nov 20, Sunday",16261.22,1141.9
"2022 Nov 21, Monday",15755.75,1105.29
"2022 Nov 22, Tuesday",16206.32,1138.67
"2022 Nov 23, Wednesday",16597.46,1184.85
"2022 Nov 24, Thursday",16579.3,1202.32
"2022 Nov 25, Friday",16508.49,1198.74
"2022 Nov 26, Saturday",16452.39,1205.28
"2022 Nov 27, Sunday",16428.77,1193.72
"2022 Nov 28, Monday",16193.89,1166.69
"2022 Nov 29, Tuesday",16441.63,1216.23
"2022 Nov 30, Wednesday",17179.78,1295.8
"2022 Dec 01, Thursday",16980.55,1276.41
"2022 Dec 02, Friday",17099.27,1296.17
"2022 Dec 03, Saturday",16883.68,1240.35
"2022 Dec 04, Sunday",17102.35,1278.91
"2022 Dec 05, Monday",16970.79,1259.4
"2022 Dec 06, Tuesday",17089.95,1271.66
"2022 Dec 07, Wednesday",16844.05,1232.16
"2022 Dec 08, Thursday",17228.23,1280.26
"2022 Dec 09, Friday",17129.01,1263.01
"2022 Dec 10, Saturday",17131.03,1266.56
"2022 Dec 11, Sunday",17087.42,1262.33
"2022 Dec 12, Monday",17209.62,1275.68
"2022 Dec 13, Tuesday",17763.65,1319.67
"2022 Dec 14, Wednesday",17815.79,1307.98
"2022 Dec 15, Thursday",17358.0,1266.21
"2022 Dec 16, Friday",16627.33,1166.54
"2022 Dec 17, Saturday",16785.87,1188.03
"2022 Dec 18, Sunday",16754.6,1184.23
"2022 Dec 19, Monday",16453.07,1168.55
"2022 Dec 20, Tuesday",16893.02,1216.63
"2022 Dec 21, Wednesday",16821.03,1213.55
"2022 Dec 22, Thursday",16819.21,1217.83
"2022 Dec 23, Friday",16776.77,1219.9
"2022 Dec 24, Saturday",16833.61,1220.29
"2022 Dec 25, Sunday",16831.17,1218.8
"2022 Dec 26, Monday",16940.82,1231.13
"2022 Dec 27, Tuesday",16693.38,1210.94
"2022 Dec 28, Wednesday",16539.02,1189.79
"2022 Dec 29, Thursday",16626.11,1199.62
"2022 Dec 30, Friday",16606.43,1199.31
"2022 Dec 31, Saturday",16531.0,1195.27
"2023 Jan 01, Sunday",16615.18,1200.29
"2023 Jan 02, Monday",16660.83,1213.7
"2023 Jan 03, Tuesday",16670.38,1214.51
"2023 Jan 04, Wednesday",16850.4,1256.53
"2023 Jan 05, Thursday",16824.98,1251.16
"2023 Jan 06, Friday",16950.6,1268.72
"2023 Jan 07, Saturday",16945.34,1264.07
"2023 Jan 08, Sunday",17134.34,1289.01
"2023 Jan 09, Monday",17181.15,1320.05
"2023 Jan 10, Tuesday",17444.75,1335.68
"2023 Jan 11, Wednesday",17942.22,1387.99
"2023 Jan 12, Thursday",18863.74,1415.99
"2023 Jan 13, Friday",19909.21,1450.4
"2023 Jan 14, Saturday",20970.85,1549.84
"2023 Jan 15, Sunday",20871.25,1552.78
"2023 Jan 16, Monday",21186.93,1575.55
"2023 Jan 17, Tuesday",21153.37,1567.23
"2023 Jan 18, Wednesday",20710.89,1513.87
"2023 Jan 19, Thursday",21088.14,1550.85
"2023 Jan 20, Friday",22686.85,1658.92
"2023 Jan 21, Saturday",22785.59,1625.7
"2023 Jan 22, Sunday",22706.71,1627.79
"2023 Jan 23, Monday",22915.32,1626.26
"2023 Jan 24, Tuesday",22612.34,1554.26
"2023 Jan 25, Wednesday",23072.42,1612.83
"2023 Jan 26, Thursday",23028.35,1602.07
"2023 Jan 27, Friday",23072.62,1597.8
"2023 Jan 28, Saturday",23034.71,1572.78
"2023 Jan 29, Sunday",23736.52,1644.2
"2023 Jan 30, Monday",22832.32,1566.01
"2023 Jan 31, Tuesday",23134.74,1585.92
"2023 Feb 01, Wednesday",23740.02,1643.57
"2023 Feb 02, Thursday",23548.98,1645.42
"2023 Feb 03, Friday",23426.4,1663.67
"2023 Feb 04, Saturday",23318.95,1665.36
"2023 Feb 05, Sunday",22938.03,1629.63
"2023 Feb 06, Monday",22751.79,1613.52
"2023 Feb 07, Tuesday",23260.42,1672.78
"2023 Feb 08, Wednesday",22973.38,1650.96
"2023 Feb 09, Thursday",21804.16,1545.33
"2023 Feb 10, Friday",21629.58,1513.9
"2023 Feb 11, Saturday",21857.51,1538.26
"2023 Feb 12, Sunday",21784.08,1514.41
"2023 Feb 13, Monday",21786.33,1506.71
"2023 Feb 14, Tuesday",22193.69,1557.2
"2023 Feb 15, Wednesday",24340.76,1675.52
"2023 Feb 16, Thursday",23468.21,1636.17
"2023 Feb 17, Friday",24562.04,1693.89
"2023 Feb 18, Saturday",24626.23,1691.22
"2023 Feb 19, Sunday",24316.05,1680.92
"2023 Feb 20, Monday",24835.63,1703.34
"2023 Feb 21, Tuesday",24447.91,1659.19
"2023 Feb 22, Wednesday",24187.63,1643.17
"2023 Feb 23, Thursday",23938.48,1649.7
"2023 Feb 24, Friday",23181.45,1607.79
"2023 Feb 25, Saturday",23157.01,1593.96
"2023 Feb 26, Sunday",23551.19,1640.67
"2023 Feb 27, Monday",23479.61,1633.29
"2023 Feb 28, Tuesday",23146.93,1605.79
"2023 Mar 01, Wednesday",23634.46,1665.29
"2023 Mar 02, Thursday",23469.09,1648.05
"2023 Mar 03, Friday",22343.55,1568.79
"2023 Mar 04, Saturday",22345.17,1566.63
"2023 Mar 05, Sunday",22429.5,1564.34
"2023 Mar 06, Monday",22419.33,1566.1
"2023 Mar 07, Tuesday",22198.95,1562.02
"2023 Mar 08, Wednesday",21712.64,1533.56
"2023 Mar 09, Thursday",20364.09,1435.9
"2023 Mar 10, Friday",20227.02,1431.96
"2023 Mar 11, Saturday",20607.79,1482.6
"2023 Mar 12, Sunday",22284.36,1593.93
"2023 Mar 13, Monday",24239.87,1682.46
"2023 Mar 14, Tuesday",24786.83,1706.2
"2023 Mar 15, Wednesday",24350.57,1656.16
"2023 Mar 16, Thursday",25040.11,1677.03
"2023 Mar 17, Friday",27442.51,1792.54
"2023 Mar 18, Saturday",26991.27,1764.69
"2023 Mar 19, Sunday",28050.01,1786.72
"2023 Mar 20, Monday",27818.07,1738.65
"2023 Mar 21, Tuesday",28195.56,1807.14
"2023 Mar 22, Wednesday",27324.09,1739.37
"2023 Mar 23, Thursday",28361.31,1817.86
"2023 Mar 24, Friday",27488.93,1752.23
"2023 Mar 25, Saturday",27485.45,1743.27
"2023 Mar 26, Sunday",27987.14,1776.01
"2023 Mar 27, Monday",27139.64,1716.32
"2023 Mar 28, Tuesday",27273.12,1773.71
"2023 Mar 29, Wednesday",28366.67,1793.85
"2023 Mar 30, Thursday",28036.88,1794.81
"2023 Mar 31, Friday",28492.72,1823.0
"2023 Apr 01, Saturday",28471.82,1821.68
"2023 Apr 02, Sunday",28179.21,1795.1
"2023 Apr 03, Monday",27807.81,1811.49
"2023 Apr 04, Tuesday",28172.02,1871.41
"2023 Apr 05, Wednesday",28187.68,1910.39
"2023 Apr 06, Thursday",28053.47,1873.51
"2023 Apr 07, Friday",27927.15,1864.71
"2023 Apr 08, Saturday",27959.5,1850.01
"2023 Apr 09, Sunday",28337.04,1858.23
